file,z0,method,w_min,w_max,mse,rmse,mae,mape,direction_accuracy,avg_changepoint_prob,avg_window_size,n_steps
initial_value_5_samples_500.csv,5,ols,3,8,10.40930062487525,3.2263447777438867,2.419151039954263,4.687785968356985,56.39999999999999,0.017820196868706974,7.78125,64.0
initial_value_5_samples_500.csv,5,ols,3,10,16.4388637834307,4.054486870546099,3.0854689240597084,5.649266928498872,52.610441767068274,0.017820196868706974,9.72549019607843,51.0
initial_value_5_samples_500.csv,5,ols,3,12,21.051265066543106,4.588165762757827,3.209815613121594,5.9201752100625855,51.903807615230455,0.017820196868706974,11.55813953488372,43.0
initial_value_5_samples_500.csv,5,ols,3,15,20.690601968574903,4.548692336108797,3.462903618303712,6.256787589232099,56.827309236947784,0.017820196868706974,14.17142857142857,35.0
initial_value_5_samples_500.csv,5,ols,4,8,12.234767522762704,3.4978232549348034,2.5783863154390514,4.886985290807864,50.6,0.017820196868706974,7.888888888888889,63.0
initial_value_5_samples_500.csv,5,ols,4,10,11.788901915532815,3.4334970388122974,2.688297438795894,5.143349279563696,55.2,0.017820196868706974,9.745098039215685,51.0
initial_value_5_samples_500.csv,5,ols,4,12,14.336007055716552,3.7862919929287746,2.8709965350047137,5.352079736297959,55.400000000000006,0.017820196868706974,11.55813953488372,43.0
initial_value_5_samples_500.csv,5,ols,4,15,20.85897602880649,4.5671627985880345,3.208729787767422,5.833453219752236,53.0,0.017820196868706974,14.2,35.0
initial_value_5_samples_500.csv,5,ols,5,8,10.925008539318044,3.305300067969328,2.486532164336486,4.988208214232849,55.400000000000006,0.017820196868706974,7.873015873015873,63.0
initial_value_5_samples_500.csv,5,ols,5,10,17.51091773108199,4.184604847662679,3.000466659802997,5.487175520649378,52.82258064516129,0.017820196868706974,9.84,50.0
initial_value_5_samples_500.csv,5,ols,5,12,17.22707164238983,4.150550763740859,3.186154772924811,6.041054167142997,55.04032258064516,0.017820196868706974,11.714285714285714,42.0
initial_value_5_samples_500.csv,5,ols,5,15,22.298922041014308,4.722173444613646,3.6012636422832323,6.317576212221302,54.233870967741936,0.017820196868706974,14.470588235294118,34.0
initial_value_5_samples_500_a_0.1_b_100_delta_0.5.csv,5,ols,3,8,1.8075990215000814,1.3444697919626463,1.0013809057842422,2.874404676072532,61.199999999999996,0.016936996222241416,7.78125,64.0
initial_value_5_samples_500_a_0.1_b_100_delta_0.5.csv,5,ols,3,10,2.979753250351233,1.726196179566863,1.2854593249570387,3.423590231050608,57.42971887550201,0.016936996222241416,9.72549019607843,51.0
initial_value_5_samples_500_a_0.1_b_100_delta_0.5.csv,5,ols,3,12,3.5825575510259244,1.8927645260374901,1.316531557722735,3.5034407129012424,59.599999999999994,0.016936996222241416,11.581395348837209,43.0
initial_value_5_samples_500_a_0.1_b_100_delta_0.5.csv,5,ols,3,15,3.098306299995036,1.760200641970976,1.2932351800600355,3.5899040241171964,58.8,0.016936996222241416,14.228571428571428,35.0
initial_value_5_samples_500_a_0.1_b_100_delta_0.5.csv,5,ols,4,8,2.0607333723026575,1.435525469053983,1.0158930736276337,2.6934689212866645,52.505010020040075,0.016936996222241416,7.873015873015873,63.0
initial_value_5_samples_500_a_0.1_b_100_delta_0.5.csv,5,ols,4,10,1.9644986916421117,1.401605754712113,1.0505862418460592,3.013631895300296,59.4,0.016936996222241416,9.745098039215685,51.0
initial_value_5_samples_500_a_0.1_b_100_delta_0.5.csv,5,ols,4,12,2.645036332946844,1.6263567668094365,1.1842315485980661,3.2298791267672864,59.199999999999996,0.016936996222241416,11.55813953488372,43.0
initial_value_5_samples_500_a_0.1_b_100_delta_0.5.csv,5,ols,4,15,4.992937110014965,2.2344881091683986,1.570467305792146,3.923841519627491,59.199999999999996,0.016936996222241416,14.2,35.0
initial_value_5_samples_500_a_0.1_b_100_delta_0.5.csv,5,ols,5,8,1.8695582432994675,1.3673179013307284,1.0278480390584877,3.0643017299349395,60.199999999999996,0.016936996222241416,7.873015873015873,63.0
initial_value_5_samples_500_a_0.1_b_100_delta_0.5.csv,5,ols,5,10,2.8479478455054457,1.6875863964566216,1.2360071117376068,3.3361254066518278,57.199999999999996,0.016936996222241416,9.72549019607843,51.0
initial_value_5_samples_500_a_0.1_b_100_delta_0.5.csv,5,ols,5,12,2.973656080332427,1.724429204210027,1.3152690838336802,3.6630190191935323,55.443548387096776,0.016936996222241416,11.714285714285714,42.0
initial_value_5_samples_500_a_0.1_b_100_delta_0.5.csv,5,ols,5,15,3.840183701391766,1.9596386660279406,1.4884184828151468,3.7438793323388606,57.14285714285714,0.016936996222241416,14.5,34.0
initial_value_5_samples_500_a_0.2_b_150_delta_2.0.csv,5,ols,3,8,64.88988223971512,8.055425639884904,6.067784902878218,7.329832744320799,52.40963855421686,0.018621486124307023,7.630769230769231,65.0
initial_value_5_samples_500_a_0.2_b_150_delta_2.0.csv,5,ols,3,10,63.35702101061707,7.959712369842083,5.737286544405699,6.948141042984219,52.104208416833664,0.018621486124307023,9.377358490566039,53.0
initial_value_5_samples_500_a_0.2_b_150_delta_2.0.csv,5,ols,3,12,106.25502817575509,10.30800796350852,7.470117566859953,9.47444762918113,52.2,0.018621486124307023,10.826086956521738,46.0
initial_value_5_samples_500_a_0.2_b_150_delta_2.0.csv,5,ols,3,15,61.59713068063216,7.848383953441126,5.951907756390296,8.118109954688228,53.2,0.018621486124307023,13.105263157894736,38.0
initial_value_5_samples_500_a_0.2_b_150_delta_2.0.csv,5,ols,4,8,63.857972844312684,7.991118372562922,5.601157848863544,6.499822802032948,56.2,0.018621486124307023,7.765625,64.0
initial_value_5_samples_500_a_0.2_b_150_delta_2.0.csv,5,ols,4,10,64.92882401195355,8.057842391853638,5.955303072318289,6.890754128875385,55.60000000000001,0.018621486124307023,9.557692307692308,52.0
initial_value_5_samples_500_a_0.2_b_150_delta_2.0.csv,5,ols,4,12,104.2940441298404,10.212445550887427,7.23936108843424,8.631523507272782,55.020080321285135,0.018621486124307023,11.25,44.0
initial_value_5_samples_500_a_0.2_b_150_delta_2.0.csv,5,ols,4,15,54.49227826615835,7.38188852978412,5.739441667305413,7.311556668137413,55.60000000000001,0.018621486124307023,13.432432432432432,37.0
initial_value_5_samples_500_a_0.2_b_150_delta_2.0.csv,5,ols,5,8,63.89245437714447,7.993275572451163,5.61026203397756,6.567331537814805,54.6,0.018621486124307023,7.873015873015873,63.0
initial_value_5_samples_500_a_0.2_b_150_delta_2.0.csv,5,ols,5,10,65.22904189191499,8.07644983219205,6.000696422969094,7.0131406734525505,54.400000000000006,0.018621486124307023,9.72549019607843,51.0
initial_value_5_samples_500_a_0.2_b_150_delta_2.0.csv,5,ols,5,12,99.43951812217716,9.971936528186346,6.96839982285778,7.359344707229083,53.50701402805611,0.018621486124307023,11.511627906976743,43.0
initial_value_5_samples_500_a_0.2_b_150_delta_2.0.csv,5,ols,5,15,60.133903041135305,7.754605279518443,5.8664216529393025,7.0284039900035635,53.400000000000006,0.018621486124307023,13.777777777777779,36.0
initial_value_5_samples_500_a_0.3_b_120_delta_1.0.csv,5,ols,3,8,15.397620154044086,3.9239801419023626,2.7873616248148214,4.487808538442135,51.40562248995983,0.01992875023171918,7.873015873015873,63.0
initial_value_5_samples_500_a_0.3_b_120_delta_1.0.csv,5,ols,3,10,24.947729099620943,4.99477017485499,3.7923875219386414,5.831142180972594,51.4,0.01992875023171918,9.764705882352942,51.0
initial_value_5_samples_500_a_0.3_b_120_delta_1.0.csv,5,ols,3,12,24.39718160491259,4.939350322148915,3.646151360332898,5.963064481072126,55.800000000000004,0.01992875023171918,11.581395348837209,43.0
initial_value_5_samples_500_a_0.3_b_120_delta_1.0.csv,5,ols,3,15,25.516797158733098,5.05141536192908,3.8689119906644343,6.001528529812003,55.800000000000004,0.01992875023171918,14.228571428571428,35.0
initial_value_5_samples_500_a_0.3_b_120_delta_1.0.csv,5,ols,4,8,18.33813753455116,4.28230516597675,3.0242151981632897,4.467437473571997,53.2,0.01992875023171918,7.888888888888889,63.0
initial_value_5_samples_500_a_0.3_b_120_delta_1.0.csv,5,ols,4,10,15.346058984250316,3.9174046235039746,2.8347184425723784,4.218722182094734,55.60000000000001,0.01992875023171918,9.745098039215685,51.0
initial_value_5_samples_500_a_0.3_b_120_delta_1.0.csv,5,ols,4,12,27.081258973238224,5.203965696777624,3.8339294505730326,5.783183188102002,51.6,0.01992875023171918,11.55813953488372,43.0
initial_value_5_samples_500_a_0.3_b_120_delta_1.0.csv,5,ols,4,15,32.42689722665758,5.6944619786822335,4.37989681708673,6.442747605700992,53.0,0.01992875023171918,14.2,35.0
initial_value_5_samples_500_a_0.3_b_120_delta_1.0.csv,5,ols,5,8,17.141070288293797,4.140177567241989,2.9988714920649056,4.524898676564999,53.0241935483871,0.01992875023171918,7.935483870967742,62.0
initial_value_5_samples_500_a_0.3_b_120_delta_1.0.csv,5,ols,5,10,22.160480794503595,4.7074919856016315,3.3151378087656127,5.198962609061013,52.716297786720325,0.01992875023171918,9.86,50.0
initial_value_5_samples_500_a_0.3_b_120_delta_1.0.csv,5,ols,5,12,24.95923085512439,4.995921422032615,3.6463051716189714,5.47659088593816,53.50701402805611,0.01992875023171918,11.785714285714286,42.0
initial_value_5_samples_500_a_0.3_b_120_delta_1.0.csv,5,ols,5,15,33.53196539954231,5.790679182923391,4.418736114361122,6.995104875640372,56.39999999999999,0.01992875023171918,14.588235294117647,34.0
initial_value_5_samples_500_a_0.3_b_150.csv,5,ols,3,8,68.17993065025881,8.257113941944777,6.253265290780038,7.529288827876606,53.400000000000006,0.01783872793188408,7.78125,64.0
initial_value_5_samples_500_a_0.3_b_150.csv,5,ols,3,10,97.4209416009406,9.870204739565466,7.216518745962465,8.229455952433133,52.800000000000004,0.01783872793188408,9.576923076923077,52.0
initial_value_5_samples_500_a_0.3_b_150.csv,5,ols,3,12,115.27876799241413,10.736795052175212,7.17519146924771,7.929435611078854,52.40963855421686,0.01783872793188408,11.272727272727273,44.0
initial_value_5_samples_500_a_0.3_b_150.csv,5,ols,3,15,102.04861814433212,10.101911608420068,7.16027439623855,8.231387545742633,55.400000000000006,0.01783872793188408,13.45945945945946,37.0
initial_value_5_samples_500_a_0.3_b_150.csv,5,ols,4,8,68.00506202989651,8.246518176169657,5.972482430966849,7.430910029768029,56.1122244488978,0.01783872793188408,7.873015873015873,63.0
initial_value_5_samples_500_a_0.3_b_150.csv,5,ols,4,10,85.66188858737802,9.255370796860491,6.477346695912335,7.706904934336375,52.400000000000006,0.01783872793188408,9.745098039215685,51.0
initial_value_5_samples_500_a_0.3_b_150.csv,5,ols,4,12,120.65203268876859,10.98417191638808,7.504238797944522,8.43059580881385,50.602409638554214,0.01783872793188408,11.511627906976743,43.0
initial_value_5_samples_500_a_0.3_b_150.csv,5,ols,4,15,165.02626496408197,12.84625490032336,9.20894997344616,10.350129913686567,53.707414829659314,0.01783872793188408,13.777777777777779,36.0
initial_value_5_samples_500_a_0.3_b_150.csv,5,ols,5,8,50.88559118908966,7.133413712178038,5.423191786647375,6.57472383428203,56.653225806451616,0.01783872793188408,7.935483870967742,62.0
initial_value_5_samples_500_a_0.3_b_150.csv,5,ols,5,10,94.91826312551716,9.742600429326718,6.919114246131664,8.190299096116178,52.800000000000004,0.01783872793188408,9.72549019607843,51.0
initial_value_5_samples_500_a_0.3_b_150.csv,5,ols,5,12,78.91677558714778,8.883511444645512,6.664572437203276,8.315850938438205,56.2,0.01783872793188408,11.534883720930232,43.0
initial_value_5_samples_500_a_0.3_b_150.csv,5,ols,5,15,119.77179858830311,10.944030271719058,8.407614128802898,10.221737906927084,53.800000000000004,0.01783872793188408,13.777777777777779,36.0
initial_value_5_samples_500_a_0.4_b_110_delta_0.1.csv,5,ols,3,8,0.20371483417142355,0.45134779734858965,0.3482822115374811,0.5065248531515313,76.35270541082164,0.021843991110838637,7.888888888888889,63.0
initial_value_5_samples_500_a_0.4_b_110_delta_0.1.csv,5,ols,3,10,0.21214753967651248,0.46059476731342974,0.3497382481945425,0.530925368586838,75.2,0.021843991110838637,9.764705882352942,51.0
initial_value_5_samples_500_a_0.4_b_110_delta_0.1.csv,5,ols,3,12,0.33112299267010853,0.5754328741652744,0.4295766414695647,0.6359100003877399,74.6,0.021843991110838637,11.581395348837209,43.0
initial_value_5_samples_500_a_0.4_b_110_delta_0.1.csv,5,ols,3,15,0.49107523349281684,0.7007676030559752,0.5440751646003502,0.7911082922999771,76.6,0.021843991110838637,14.228571428571428,35.0
initial_value_5_samples_500_a_0.4_b_110_delta_0.1.csv,5,ols,4,8,0.19499054824847237,0.4415773411855191,0.3244089988363151,0.5329204022925771,73.4,0.021843991110838637,7.888888888888889,63.0
initial_value_5_samples_500_a_0.4_b_110_delta_0.1.csv,5,ols,4,10,0.3515582306599362,0.5929234610469856,0.4542200157204697,0.6858468525847138,74.4,0.021843991110838637,9.745098039215685,51.0
initial_value_5_samples_500_a_0.4_b_110_delta_0.1.csv,5,ols,4,12,0.3310715413677785,0.5753881658218029,0.4479371940928857,0.6809615885416777,76.2,0.021843991110838637,11.55813953488372,43.0
initial_value_5_samples_500_a_0.4_b_110_delta_0.1.csv,5,ols,4,15,0.4000019820054884,0.6324570989446544,0.5013691497079743,0.7686061743610285,77.71084337349397,0.021843991110838637,14.558823529411764,34.0
initial_value_5_samples_500_a_0.4_b_110_delta_0.1.csv,5,ols,5,8,0.23829578255148084,0.48815549013760035,0.35892874335204794,0.6029308245435281,72.58064516129032,0.021843991110838637,7.935483870967742,62.0
initial_value_5_samples_500_a_0.4_b_110_delta_0.1.csv,5,ols,5,10,0.25059565379535303,0.5005952994139607,0.384508901254394,0.6318434190424997,72.69076305220884,0.021843991110838637,9.88,50.0
initial_value_5_samples_500_a_0.4_b_110_delta_0.1.csv,5,ols,5,12,0.37098285270879827,0.6090836171732074,0.4417397782236508,0.7181665841809025,75.35070140280561,0.021843991110838637,11.785714285714286,42.0
initial_value_5_samples_500_a_0.4_b_110_delta_0.1.csv,5,ols,5,15,0.33918681329400296,0.582397470198835,0.44210043154664247,0.7486044413729116,78.4,0.021843991110838637,14.588235294117647,34.0
initial_value_5_samples_500_a_0.4_b_120.csv,5,ols,3,8,33.930810364239534,5.825015911071792,4.45284658412372,4.909070040316188,52.800000000000004,0.01761973185037863,7.78125,64.0
initial_value_5_samples_500_a_0.4_b_120.csv,5,ols,3,10,34.246119801734125,5.8520184382599245,4.458031006325018,5.148348553684811,54.6,0.01761973185037863,9.576923076923077,52.0
initial_value_5_samples_500_a_0.4_b_120.csv,5,ols,3,12,55.499353761786786,7.449788840080421,5.486821860780053,6.165720995035269,52.400000000000006,0.01761973185037863,11.318181818181818,44.0
initial_value_5_samples_500_a_0.4_b_120.csv,5,ols,3,15,69.95252983717087,8.363762899387504,6.3607091979544155,6.976417112995163,56.00000000000001,0.01761973185037863,13.833333333333334,36.0
initial_value_5_samples_500_a_0.4_b_120.csv,5,ols,4,8,44.257459542570246,6.652628017751349,4.933724156767936,5.7871074885110865,47.199999999999996,0.01761973185037863,7.888888888888889,63.0
initial_value_5_samples_500_a_0.4_b_120.csv,5,ols,4,10,53.307976905239606,7.301231191055355,5.487645386093223,6.050129292387456,53.800000000000004,0.01761973185037863,9.745098039215685,51.0
initial_value_5_samples_500_a_0.4_b_120.csv,5,ols,4,12,55.83164791586689,7.472057809992298,5.598818321286801,6.446336317577334,51.800000000000004,0.01761973185037863,11.55813953488372,43.0
initial_value_5_samples_500_a_0.4_b_120.csv,5,ols,4,15,56.27471298083324,7.501647351137832,5.429034148588725,5.964109011340519,54.6,0.01761973185037863,14.2,35.0
initial_value_5_samples_500_a_0.4_b_120.csv,5,ols,5,8,33.99657943712225,5.830658576620848,4.450963148380805,4.949960116919853,52.21774193548387,0.01761973185037863,7.935483870967742,62.0
initial_value_5_samples_500_a_0.4_b_120.csv,5,ols,5,10,34.28902342459736,5.8556830024000925,4.465871408408605,5.22853989303245,54.12474849094567,0.01761973185037863,9.86,50.0
initial_value_5_samples_500_a_0.4_b_120.csv,5,ols,5,12,56.02655544913493,7.485088873830085,5.538135781763859,6.146429828376903,51.606425702811244,0.01761973185037863,11.761904761904763,42.0
initial_value_5_samples_500_a_0.4_b_120.csv,5,ols,5,15,64.52428476557681,8.03270096328606,6.003423425066666,6.556183307783164,55.2,0.01761973185037863,14.17142857142857,35.0
initial_value_5_samples_500_a_0.4_b_130.csv,5,ols,3,8,29.122964824398107,5.396569727558249,3.92814171751053,4.339091993301225,53.400000000000006,0.020460975308610845,7.78125,64.0
initial_value_5_samples_500_a_0.4_b_130.csv,5,ols,3,10,42.539421396627496,6.522225187512886,4.7552568437913285,5.092677741551913,50.2,0.020460975308610845,9.576923076923077,52.0
initial_value_5_samples_500_a_0.4_b_130.csv,5,ols,3,12,58.47759199415888,7.647064272919306,5.528941390794775,6.248272069145883,55.31062124248497,0.020460975308610845,11.55813953488372,43.0
initial_value_5_samples_500_a_0.4_b_130.csv,5,ols,3,15,89.24156947054185,9.446775612373877,6.349365647904727,7.004052394634876,54.400000000000006,0.020460975308610845,14.228571428571428,35.0
initial_value_5_samples_500_a_0.4_b_130.csv,5,ols,4,8,37.21983327371041,6.100805952799221,4.5526107737079125,4.895336387198049,53.6,0.020460975308610845,7.888888888888889,63.0
initial_value_5_samples_500_a_0.4_b_130.csv,5,ols,4,10,41.0457966942403,6.406699360375848,4.515819709576985,5.038496598992646,54.400000000000006,0.020460975308610845,9.745098039215685,51.0
initial_value_5_samples_500_a_0.4_b_130.csv,5,ols,4,12,34.36540912305604,5.862201729986443,4.49739070227537,4.770420816335197,51.2,0.020460975308610845,11.55813953488372,43.0
initial_value_5_samples_500_a_0.4_b_130.csv,5,ols,4,15,64.29889895718658,8.018659423942793,5.625663528876609,5.950908749042087,56.599999999999994,0.020460975308610845,14.2,35.0
initial_value_5_samples_500_a_0.4_b_130.csv,5,ols,5,8,32.40176873485387,5.692255153702605,4.2047864448188665,4.394313236268227,56.599999999999994,0.020460975308610845,7.873015873015873,63.0
initial_value_5_samples_500_a_0.4_b_130.csv,5,ols,5,10,36.59151939225828,6.049092443685935,4.504594065809085,4.621050962526336,54.233870967741936,0.020460975308610845,9.84,50.0
initial_value_5_samples_500_a_0.4_b_130.csv,5,ols,5,12,47.28759038254241,6.876597296813476,4.994853597354477,5.483904291293064,53.72233400402414,0.020460975308610845,11.738095238095237,42.0
initial_value_5_samples_500_a_0.4_b_130.csv,5,ols,5,15,48.65937819833704,6.975627441193877,5.114176744929046,5.223442104081879,52.41935483870967,0.020460975308610845,14.470588235294118,34.0
initial_value_5_samples_500_a_0.5_b_120.csv,5,ols,3,8,93.08987224529713,9.648309294653501,6.895150558237926,6.597703237124014,52.0,0.019403804173189692,7.78125,64.0
initial_value_5_samples_500_a_0.5_b_120.csv,5,ols,3,10,111.60297050643838,10.564230710583633,7.835005654367426,7.762814029781053,51.4,0.019403804173189692,9.576923076923077,52.0
initial_value_5_samples_500_a_0.5_b_120.csv,5,ols,3,12,157.2957897188549,12.541761826747265,9.230132911084267,8.787776540370619,48.6,0.019403804173189692,11.318181818181818,44.0
initial_value_5_samples_500_a_0.5_b_120.csv,5,ols,3,15,136.05022067013263,11.664056784418216,8.57254002242364,8.209445387151165,52.2,0.019403804173189692,13.833333333333334,36.0
initial_value_5_samples_500_a_0.5_b_120.csv,5,ols,4,8,106.16242916852403,10.303515379156961,7.714802811027933,7.682847367113241,48.0,0.019403804173189692,7.888888888888889,63.0
initial_value_5_samples_500_a_0.5_b_120.csv,5,ols,4,10,99.13527869083433,9.956670060358249,7.71403163225375,7.357552867393919,49.6,0.019403804173189692,9.745098039215685,51.0
initial_value_5_samples_500_a_0.5_b_120.csv,5,ols,4,12,125.31455231810044,11.194398256186012,7.996751462336188,7.574560326770974,52.2,0.019403804173189692,11.55813953488372,43.0
initial_value_5_samples_500_a_0.5_b_120.csv,5,ols,4,15,188.00362038747375,13.711441222113514,10.591914843630947,10.033870297004372,46.400000000000006,0.019403804173189692,14.2,35.0
initial_value_5_samples_500_a_0.5_b_120.csv,5,ols,5,8,107.87902208102454,10.386482661662924,7.352674061180376,6.916540664951684,50.4,0.019403804173189692,7.873015873015873,63.0
initial_value_5_samples_500_a_0.5_b_120.csv,5,ols,5,10,148.13969566992392,12.171265163076677,8.18927277232213,8.306188845411496,48.08853118712273,0.019403804173189692,9.86,50.0
initial_value_5_samples_500_a_0.5_b_120.csv,5,ols,5,12,166.94794756863672,12.920833857326574,9.86200504220941,9.446574098894825,46.2,0.019403804173189692,11.534883720930232,43.0
initial_value_5_samples_500_a_0.5_b_120.csv,5,ols,5,15,134.8011984174411,11.610391828764485,8.435934244935673,8.95761051979837,49.4,0.019403804173189692,14.17142857142857,35.0
initial_value_5_samples_500_a_0.5_b_130_delta_10.csv,5,ols,3,8,,,,,,,,
initial_value_5_samples_500_a_0.5_b_130_delta_10.csv,5,ols,3,10,,,,,,,,
initial_value_5_samples_500_a_0.5_b_130_delta_10.csv,5,ols,3,12,,,,,,,,
initial_value_5_samples_500_a_0.5_b_130_delta_10.csv,5,ols,3,15,,,,,,,,
initial_value_5_samples_500_a_0.5_b_130_delta_10.csv,5,ols,4,8,,,,,,,,
initial_value_5_samples_500_a_0.5_b_130_delta_10.csv,5,ols,4,10,,,,,,,,
initial_value_5_samples_500_a_0.5_b_130_delta_10.csv,5,ols,4,12,,,,,,,,
initial_value_5_samples_500_a_0.5_b_130_delta_10.csv,5,ols,4,15,,,,,,,,
initial_value_5_samples_500_a_0.5_b_130_delta_10.csv,5,ols,5,8,,,,,,,,
initial_value_5_samples_500_a_0.5_b_130_delta_10.csv,5,ols,5,10,,,,,,,,
initial_value_5_samples_500_a_0.5_b_130_delta_10.csv,5,ols,5,12,,,,,,,,
initial_value_5_samples_500_a_0.5_b_130_delta_10.csv,5,ols,5,15,,,,,,,,
initial_value_5_samples_500_a_0.5_b_130_delta_3.0.csv,5,ols,3,8,209.13077533190992,14.461354546926437,10.984191875736398,11.091684082804385,51.2,0.01601318843032143,7.78125,64.0
initial_value_5_samples_500_a_0.5_b_130_delta_3.0.csv,5,ols,3,10,282.8320271851639,16.817610626517784,12.864853558328951,13.005275045705098,50.80321285140562,0.01601318843032143,9.538461538461538,52.0
initial_value_5_samples_500_a_0.5_b_130_delta_3.0.csv,5,ols,3,12,314.10644139331873,17.72304830985118,13.228655090673914,12.896377604224119,51.4,0.01601318843032143,11.066666666666666,45.0
initial_value_5_samples_500_a_0.5_b_130_delta_3.0.csv,5,ols,3,15,315.00519260428877,17.74838563374959,12.945480424897331,13.821430136519638,50.8,0.01601318843032143,13.45945945945946,37.0
initial_value_5_samples_500_a_0.5_b_130_delta_3.0.csv,5,ols,4,8,202.39577410055475,14.226586874600484,10.34414344875448,10.091371147064384,52.705410821643284,0.01601318843032143,7.873015873015873,63.0
initial_value_5_samples_500_a_0.5_b_130_delta_3.0.csv,5,ols,4,10,187.00532347774612,13.67498897541589,10.268437600568426,10.685296106404655,52.400000000000006,0.01601318843032143,9.557692307692308,52.0
initial_value_5_samples_500_a_0.5_b_130_delta_3.0.csv,5,ols,4,12,271.98288958715705,16.491903758728313,12.312389036574709,13.262061748658358,53.400000000000006,0.01601318843032143,11.295454545454545,44.0
initial_value_5_samples_500_a_0.5_b_130_delta_3.0.csv,5,ols,4,15,371.00843196852,19.261579166011284,13.890216280725125,13.653753681480064,53.0,0.01601318843032143,13.432432432432432,37.0
initial_value_5_samples_500_a_0.5_b_130_delta_3.0.csv,5,ols,5,8,162.99247292154993,12.766850548257779,9.916428008275252,10.447195797841365,53.0,0.01601318843032143,7.873015873015873,63.0
initial_value_5_samples_500_a_0.5_b_130_delta_3.0.csv,5,ols,5,10,183.3251288672788,13.539761034349121,10.254641339196887,10.673107055459186,49.8,0.01601318843032143,9.72549019607843,51.0
initial_value_5_samples_500_a_0.5_b_130_delta_3.0.csv,5,ols,5,12,257.7970995510408,16.056061146839244,12.053115706441368,12.162827026310202,51.6,0.01601318843032143,11.534883720930232,43.0
initial_value_5_samples_500_a_0.5_b_130_delta_3.0.csv,5,ols,5,15,364.6380912458137,19.095499240549163,13.886123881492969,13.345827047090026,49.0,0.01601318843032143,13.777777777777779,36.0
initial_value_5_samples_500_a_0.5_b_130_delta_5.0.csv,5,ols,3,8,506.9856494024493,22.516341829934305,16.595640931328454,16.105579177304143,52.6,0.014416340479686922,7.323529411764706,68.0
initial_value_5_samples_500_a_0.5_b_130_delta_5.0.csv,5,ols,3,10,582.3873889857031,24.13270372307469,17.116227472708708,15.922822919575944,53.0,0.014416340479686922,8.736842105263158,57.0
initial_value_5_samples_500_a_0.5_b_130_delta_5.0.csv,5,ols,3,12,615.0944176913189,24.80109710660637,18.921178713704595,18.759620269669238,53.6,0.014416340479686922,10.375,48.0
initial_value_5_samples_500_a_0.5_b_130_delta_5.0.csv,5,ols,3,15,779.7407960232504,27.92383920637079,21.75722892080428,22.207396942463212,49.8,0.014416340479686922,13.105263157894736,38.0
initial_value_5_samples_500_a_0.5_b_130_delta_5.0.csv,5,ols,4,8,667.5128785071068,25.83627059981968,19.122288087843383,18.0946343894298,49.8,0.014416340479686922,7.765625,64.0
initial_value_5_samples_500_a_0.5_b_130_delta_5.0.csv,5,ols,4,10,441.82654755983947,21.01967049122891,15.247554157669857,15.187174887237658,53.0,0.014416340479686922,9.036363636363637,55.0
initial_value_5_samples_500_a_0.5_b_130_delta_5.0.csv,5,ols,4,12,771.2719988330025,27.771784221273982,20.666581275954332,20.162977557651672,56.599999999999994,0.014416340479686922,10.574468085106384,47.0
initial_value_5_samples_500_a_0.5_b_130_delta_5.0.csv,5,ols,4,15,826.5798289405826,28.75030137130014,22.18124753675974,21.786288154231272,52.716297786720325,0.014416340479686922,13.35135135135135,37.0
initial_value_5_samples_500_a_0.5_b_130_delta_5.0.csv,5,ols,5,8,699.0841122314064,26.440198793341292,19.340676531090896,18.77606068848715,50.70140280561122,0.014416340479686922,7.857142857142857,63.0
initial_value_5_samples_500_a_0.5_b_130_delta_5.0.csv,5,ols,5,10,525.9990070547196,22.9346682351134,17.525204579847173,17.00487821807976,52.716297786720325,0.014416340479686922,9.48076923076923,52.0
initial_value_5_samples_500_a_0.5_b_130_delta_5.0.csv,5,ols,5,12,616.9043783352676,24.837559830532218,18.597170990719267,18.68667893641832,53.2,0.014416340479686922,10.782608695652174,46.0
initial_value_5_samples_500_a_0.5_b_130_delta_5.0.csv,5,ols,5,15,974.2963616623922,31.213720727628615,23.023089409531593,22.79411457868396,50.0,0.014416340479686922,13.405405405405405,37.0
initial_value_5_samples_500_a_0.6_b_100.csv,5,ols,3,8,38.46618424226279,6.202111272966875,4.729871991977727,6.335939735285439,51.204819277108435,0.016795975804451503,7.873015873015873,63.0
initial_value_5_samples_500_a_0.6_b_100.csv,5,ols,3,10,71.89118693402853,8.478867078450312,5.945338127893024,7.76897208706898,51.0,0.016795975804451503,9.764705882352942,51.0
initial_value_5_samples_500_a_0.6_b_100.csv,5,ols,3,12,62.45128867590884,7.9026127752730515,5.585370238988232,7.724343948269244,49.4,0.016795975804451503,11.581395348837209,43.0
initial_value_5_samples_500_a_0.6_b_100.csv,5,ols,3,15,107.40594129344596,10.363683770428638,7.154244638288075,9.072063000959009,47.791164658634536,0.016795975804451503,14.17142857142857,35.0
initial_value_5_samples_500_a_0.6_b_100.csv,5,ols,4,8,56.23231679899169,7.498821027267666,5.447717997175126,6.917002162099414,50.0,0.016795975804451503,7.888888888888889,63.0
initial_value_5_samples_500_a_0.6_b_100.csv,5,ols,4,10,56.581888268145356,7.522093343487925,5.35286186870729,6.904353820145867,52.400000000000006,0.016795975804451503,9.745098039215685,51.0
initial_value_5_samples_500_a_0.6_b_100.csv,5,ols,4,12,95.4163396904251,9.768128771183614,6.7661789515938455,8.013981249348507,46.400000000000006,0.016795975804451503,11.55813953488372,43.0
initial_value_5_samples_500_a_0.6_b_100.csv,5,ols,4,15,92.76279116318196,9.631344203338491,7.124651107674485,8.145114967363174,48.199999999999996,0.016795975804451503,14.2,35.0
initial_value_5_samples_500_a_0.6_b_100.csv,5,ols,5,8,34.373904102551464,5.8629262405859635,4.362172664864372,5.607403686661883,51.710261569416495,0.016795975804451503,7.951612903225806,62.0
initial_value_5_samples_500_a_0.6_b_100.csv,5,ols,5,10,50.11829202027402,7.079427379405344,5.307054976558723,6.543282034631721,48.49094567404427,0.016795975804451503,9.86,50.0
initial_value_5_samples_500_a_0.6_b_100.csv,5,ols,5,12,59.06848684573303,7.6856025688122225,5.751591704879563,6.9424019719399475,53.31991951710262,0.016795975804451503,11.738095238095237,42.0
initial_value_5_samples_500_a_0.6_b_100.csv,5,ols,5,15,79.09179381857393,8.893356723902057,5.957324542713289,7.208017794494196,54.6,0.016795975804451503,14.17142857142857,35.0
initial_value_5_samples_500_a_0.6_b_90_delta_1.5.csv,5,ols,3,8,27.391478333634414,5.233686877683304,3.989433039580493,5.713599465119705,50.0,0.020208848309794282,7.78125,64.0
initial_value_5_samples_500_a_0.6_b_90_delta_1.5.csv,5,ols,3,10,35.77630526147216,5.9813297235206955,4.572241100080668,6.425560821476939,51.800000000000004,0.020208848309794282,9.764705882352942,51.0
initial_value_5_samples_500_a_0.6_b_90_delta_1.5.csv,5,ols,3,12,49.46071843541355,7.032831466444617,5.269755656881013,7.257099986778052,51.2,0.020208848309794282,11.581395348837209,43.0
initial_value_5_samples_500_a_0.6_b_90_delta_1.5.csv,5,ols,3,15,52.346023456588256,7.235055179926982,5.693518902495535,7.84514290209553,52.400000000000006,0.020208848309794282,13.833333333333334,36.0
initial_value_5_samples_500_a_0.6_b_90_delta_1.5.csv,5,ols,4,8,33.27551512627028,5.768493315092797,4.128721328761468,5.47212456687928,54.2,0.020208848309794282,7.888888888888889,63.0
initial_value_5_samples_500_a_0.6_b_90_delta_1.5.csv,5,ols,4,10,44.14460604486247,6.64414073036254,4.628219023146449,6.156287253627458,50.8,0.020208848309794282,9.745098039215685,51.0
initial_value_5_samples_500_a_0.6_b_90_delta_1.5.csv,5,ols,4,12,39.989418563096095,6.3237187289676395,4.706029546136149,6.229109568682096,51.6,0.020208848309794282,11.55813953488372,43.0
initial_value_5_samples_500_a_0.6_b_90_delta_1.5.csv,5,ols,4,15,53.23760686835571,7.296410546861773,5.356626823367653,6.849976075854506,49.69939879759519,0.020208848309794282,14.17142857142857,35.0
initial_value_5_samples_500_a_0.6_b_90_delta_1.5.csv,5,ols,5,8,26.114657133004506,5.11025020258348,3.8459092507151524,5.3932573404198765,50.201612903225815,0.020208848309794282,7.935483870967742,62.0
initial_value_5_samples_500_a_0.6_b_90_delta_1.5.csv,5,ols,5,10,32.64261222094233,5.713371353320413,4.415127350103975,6.153295412307835,48.89336016096579,0.020208848309794282,9.86,50.0
initial_value_5_samples_500_a_0.6_b_90_delta_1.5.csv,5,ols,5,12,51.800712241112855,7.197271166290239,5.40573964890632,7.312549710784362,49.39759036144578,0.020208848309794282,11.761904761904763,42.0
initial_value_5_samples_500_a_0.6_b_90_delta_1.5.csv,5,ols,5,15,55.45216646001349,7.44662114384863,5.5839475015333235,7.794070928625847,52.6,0.020208848309794282,14.17142857142857,35.0
initial_value_5_samples_500_a_0.8_b_100.csv,5,ols,3,8,0.22590358590363316,0.47529315785484766,0.36660002810236325,0.575174544656658,65.7314629258517,0.025847158059789162,7.888888888888889,63.0
initial_value_5_samples_500_a_0.8_b_100.csv,5,ols,3,10,0.2812929818339494,0.5303706080034502,0.3847731223726111,0.6223559553082513,66.0,0.025847158059789162,9.764705882352942,51.0
initial_value_5_samples_500_a_0.8_b_100.csv,5,ols,3,12,0.41779269450192874,0.6463688532888391,0.47724102005041785,0.7675453252807387,63.6,0.025847158059789162,11.581395348837209,43.0
initial_value_5_samples_500_a_0.8_b_100.csv,5,ols,3,15,0.6615713910938907,0.8133703898556246,0.5699844728811247,0.9101952816039633,67.0,0.025847158059789162,14.228571428571428,35.0
initial_value_5_samples_500_a_0.8_b_100.csv,5,ols,4,8,0.19295911305856664,0.4392711156661301,0.3218901339581689,0.5933208335698852,67.60000000000001,0.025847158059789162,7.888888888888889,63.0
initial_value_5_samples_500_a_0.8_b_100.csv,5,ols,4,10,0.2805962871422813,0.5297134009464753,0.40337068313233254,0.7079831001609918,62.6,0.025847158059789162,9.745098039215685,51.0
initial_value_5_samples_500_a_0.8_b_100.csv,5,ols,4,12,0.41559560396012196,0.6446670489175959,0.4768146478299853,0.809837684353172,65.60000000000001,0.025847158059789162,11.55813953488372,43.0
initial_value_5_samples_500_a_0.8_b_100.csv,5,ols,4,15,0.79193894054677,0.8899095125611199,0.6336943483445378,1.0572817565796604,61.044176706827315,0.025847158059789162,14.558823529411764,34.0
initial_value_5_samples_500_a_0.8_b_100.csv,5,ols,5,8,0.2152582754063964,0.46395934671735667,0.3319272823457409,0.6639384874636625,66.73387096774194,0.025847158059789162,7.935483870967742,62.0
initial_value_5_samples_500_a_0.8_b_100.csv,5,ols,5,10,0.33518268302471144,0.5789496377274205,0.43228423644797204,0.8030588052805359,67.06827309236948,0.025847158059789162,9.88,50.0
initial_value_5_samples_500_a_0.8_b_100.csv,5,ols,5,12,0.44986257992085266,0.6707179585495326,0.5015187006836583,0.8889236985838579,64.12825651302605,0.025847158059789162,11.785714285714286,42.0
initial_value_5_samples_500_a_0.8_b_100.csv,5,ols,5,15,0.8168448917207222,0.9037947176879948,0.6674138567555932,1.1372584517406699,63.6,0.025847158059789162,14.588235294117647,34.0
initial_value_5_samples_500_a_0.8_b_80_delta_0.3.csv,5,ols,3,8,1.2381051413586044,1.1127017306352158,0.8018676429799382,1.2451879317955847,59.0,0.024949779707171316,7.78125,64.0
initial_value_5_samples_500_a_0.8_b_80_delta_0.3.csv,5,ols,3,10,1.6047065417564446,1.2667701219070666,0.9419934805348142,1.4320212037262343,58.599999999999994,0.024949779707171316,9.764705882352942,51.0
initial_value_5_samples_500_a_0.8_b_80_delta_0.3.csv,5,ols,3,12,1.53453423770303,1.2387631887100254,0.9482463724652257,1.4856641000565203,64.2,0.024949779707171316,11.581395348837209,43.0
initial_value_5_samples_500_a_0.8_b_80_delta_0.3.csv,5,ols,3,15,2.270214720532626,1.5067231731584358,1.2257828033087315,1.8743576034922615,56.99999999999999,0.024949779707171316,14.228571428571428,35.0
initial_value_5_samples_500_a_0.8_b_80_delta_0.3.csv,5,ols,4,8,1.3068764006849036,1.143186949140386,0.9004352934925784,1.4454002726021546,56.39999999999999,0.024949779707171316,7.888888888888889,63.0
initial_value_5_samples_500_a_0.8_b_80_delta_0.3.csv,5,ols,4,10,1.5836615965808924,1.258436171039633,1.0003730380323193,1.6206201440793524,58.199999999999996,0.024949779707171316,9.745098039215685,51.0
initial_value_5_samples_500_a_0.8_b_80_delta_0.3.csv,5,ols,4,12,1.5856688954195615,1.2592334554877271,0.9766699151371436,1.628140922642845,62.8,0.024949779707171316,11.55813953488372,43.0
initial_value_5_samples_500_a_0.8_b_80_delta_0.3.csv,5,ols,4,15,2.1439350189780444,1.4642182279216593,1.0828498308619676,1.7711180355082086,60.36217303822937,0.024949779707171316,14.529411764705882,34.0
initial_value_5_samples_500_a_0.8_b_80_delta_0.3.csv,5,ols,5,8,0.9702716198189777,0.9850236645984591,0.7018840682549388,1.231625429609423,58.46774193548387,0.024949779707171316,7.935483870967742,62.0
initial_value_5_samples_500_a_0.8_b_80_delta_0.3.csv,5,ols,5,10,1.401285384564834,1.1837590061177292,0.9461022591537595,1.5973615600511433,58.95372233400402,0.024949779707171316,9.86,50.0
initial_value_5_samples_500_a_0.8_b_80_delta_0.3.csv,5,ols,5,12,2.005868086829495,1.4162867247946282,1.1155471990708126,1.788698643104428,57.71543086172345,0.024949779707171316,11.785714285714286,42.0
initial_value_5_samples_500_a_0.8_b_80_delta_0.3.csv,5,ols,5,15,2.472154974144385,1.5723088036846913,1.2181568962579623,1.9751221169820459,60.6,0.024949779707171316,14.588235294117647,34.0
initial_value_5_samples_500_a_1.0_b_80.csv,5,ols,3,8,0.6814790077619397,0.8255174182062663,0.641381706568492,1.037396109824876,57.63052208835341,0.027957757321598782,7.873015873015873,63.0
initial_value_5_samples_500_a_1.0_b_80.csv,5,ols,3,10,0.8646696913635432,0.9298761699084148,0.7505043256804826,1.20756514251639,59.8,0.027957757321598782,9.764705882352942,51.0
initial_value_5_samples_500_a_1.0_b_80.csv,5,ols,3,12,1.2660592074697046,1.1251929645486167,0.8617842849306577,1.3786287688185652,57.199999999999996,0.027957757321598782,11.581395348837209,43.0
initial_value_5_samples_500_a_1.0_b_80.csv,5,ols,3,15,1.5937228266864865,1.2624273550135416,0.9055745086711489,1.4708116359572412,61.0,0.027957757321598782,14.228571428571428,35.0
initial_value_5_samples_500_a_1.0_b_80.csv,5,ols,4,8,0.5591026068515721,0.7477316409324752,0.5707374994185128,0.9799503946369463,59.199999999999996,0.027957757321598782,7.888888888888889,63.0
initial_value_5_samples_500_a_1.0_b_80.csv,5,ols,4,10,0.7314924473082289,0.8552733173133773,0.6405074601224127,1.0782646127032118,56.99999999999999,0.027957757321598782,9.745098039215685,51.0
initial_value_5_samples_500_a_1.0_b_80.csv,5,ols,4,12,0.9749425031708414,0.9873917678261458,0.7746407487973004,1.2891062148086616,62.0,0.027957757321598782,11.55813953488372,43.0
initial_value_5_samples_500_a_1.0_b_80.csv,5,ols,4,15,1.4471649082502724,1.2029816741124,0.8741234714365579,1.4664049446591816,56.13682092555332,0.027957757321598782,14.529411764705882,34.0
initial_value_5_samples_500_a_1.0_b_80.csv,5,ols,5,8,0.6810601911601107,0.8252637100709753,0.6452027400486491,1.1541551489916222,58.266129032258064,0.027957757321598782,7.935483870967742,62.0
initial_value_5_samples_500_a_1.0_b_80.csv,5,ols,5,10,0.9109170218448451,0.9544197304356429,0.7438153895134891,1.3219313283060532,58.43373493975904,0.027957757321598782,9.88,50.0
initial_value_5_samples_500_a_1.0_b_80.csv,5,ols,5,12,0.7696255947194529,0.8772830755915977,0.6473112776937091,1.202887087136906,60.72144288577155,0.027957757321598782,11.785714285714286,42.0
initial_value_5_samples_500_a_1.0_b_80.csv,5,ols,5,15,1.557232530466388,1.247891233427973,0.8944628133769015,1.5876393067024126,57.8,0.027957757321598782,14.588235294117647,34.0
initial_value_80_samples_500.csv,80,ols,3,8,11.881918465431623,3.4470158783260083,2.631465263574666,3.2243048874749674,49.8,0.027784813162236615,6.72972972972973,74.0
initial_value_80_samples_500.csv,80,ols,3,10,16.363725802808595,4.04521022974191,3.0714550817250865,3.8109126954489145,51.0,0.027784813162236615,8.3,60.0
initial_value_80_samples_500.csv,80,ols,3,12,20.138267028601337,4.487568052810045,3.356848867121108,4.0478114411984585,50.4,0.027784813162236615,9.764705882352942,51.0
initial_value_80_samples_500.csv,80,ols,3,15,22.303397485307663,4.722647296306136,3.813505272410699,4.711375355212271,48.6,0.027784813162236615,12.146341463414634,41.0
initial_value_80_samples_500.csv,80,ols,4,8,15.391318313441632,3.923177068836128,2.9446770535243227,3.6272837632095443,48.09619238476954,0.027784813162236615,7.188405797101449,69.0
initial_value_80_samples_500.csv,80,ols,4,10,20.035079717290674,4.476056268333841,3.4053932756395784,4.1220271363222585,47.4,0.027784813162236615,8.568965517241379,58.0
initial_value_80_samples_500.csv,80,ols,4,12,24.729547905982965,4.972881247926896,3.7288734595925987,4.533345528966998,49.79919678714859,0.027784813162236615,10.10204081632653,49.0
initial_value_80_samples_500.csv,80,ols,4,15,22.932753544403113,4.788815463598813,3.69272575445538,4.578949192314961,49.6,0.027784813162236615,12.425,40.0
initial_value_80_samples_500.csv,80,ols,5,8,13.683355696273981,3.69910201214754,2.8203669744637736,3.4209194771446563,51.41129032258065,0.027784813162236615,7.454545454545454,66.0
initial_value_80_samples_500.csv,80,ols,5,10,18.533626195382023,4.305069824681363,3.367133136146715,4.1565616762135615,50.30181086519114,0.027784813162236615,8.803571428571429,56.0
initial_value_80_samples_500.csv,80,ols,5,12,20.98055881597671,4.580453996710011,3.516321014346443,4.269792677278064,48.6,0.027784813162236615,10.333333333333334,48.0
initial_value_80_samples_500.csv,80,ols,5,15,21.137649507904023,4.597569956825455,3.5512876591848768,4.365216084692604,51.6,0.027784813162236615,12.717948717948717,39.0
initial_value_80_samples_500_a_0.1_b_100_delta_0.5.csv,80,ols,3,8,3.111345799382296,1.7639007339933548,1.3565071947658285,1.6432967723534375,51.800000000000004,0.03190884656365244,7.217391304347826,69.0
initial_value_80_samples_500_a_0.1_b_100_delta_0.5.csv,80,ols,3,10,3.4664144983809946,1.8618309532234645,1.4168602679873648,1.7209899419222896,52.104208416833664,0.03190884656365244,8.719298245614034,57.0
initial_value_80_samples_500_a_0.1_b_100_delta_0.5.csv,80,ols,3,12,5.161844147346324,2.271969222358948,1.6947755539649947,2.0668096445154913,48.19277108433735,0.03190884656365244,10.333333333333334,48.0
initial_value_80_samples_500_a_0.1_b_100_delta_0.5.csv,80,ols,3,15,8.272992251191559,2.876280975703097,2.071430649658403,2.5187512097363163,49.2,0.03190884656365244,12.76923076923077,39.0
initial_value_80_samples_500_a_0.1_b_100_delta_0.5.csv,80,ols,4,8,3.4966379659856814,1.8699299361167738,1.4071457111522332,1.7028688602381659,51.0,0.03190884656365244,7.53030303030303,66.0
initial_value_80_samples_500_a_0.1_b_100_delta_0.5.csv,80,ols,4,10,3.904992904371048,1.9761054891809415,1.4657362012768145,1.7842932104093359,53.6,0.03190884656365244,9.036363636363637,55.0
initial_value_80_samples_500_a_0.1_b_100_delta_0.5.csv,80,ols,4,12,4.0571509021861685,2.0142370521331814,1.4630283050962616,1.7770275899658534,51.6,0.03190884656365244,10.354166666666666,48.0
initial_value_80_samples_500_a_0.1_b_100_delta_0.5.csv,80,ols,4,15,6.795306259549497,2.6067808230746015,1.9158759895855688,2.3378602398337143,49.4,0.03190884656365244,13.078947368421053,38.0
initial_value_80_samples_500_a_0.1_b_100_delta_0.5.csv,80,ols,5,8,3.130096697128075,1.7692079293085012,1.3065535172220593,1.5853996533968044,48.0,0.03190884656365244,7.630769230769231,65.0
initial_value_80_samples_500_a_0.1_b_100_delta_0.5.csv,80,ols,5,10,3.5920546480850586,1.8952716554850544,1.3563806383176638,1.6449500833172883,53.400000000000006,0.03190884656365244,9.185185185185185,54.0
initial_value_80_samples_500_a_0.1_b_100_delta_0.5.csv,80,ols,5,12,5.632000912621374,2.373183708148481,1.796141430714603,2.182922974034463,47.599999999999994,0.03190884656365244,10.782608695652174,46.0
initial_value_80_samples_500_a_0.1_b_100_delta_0.5.csv,80,ols,5,15,5.5278424881723085,2.3511364248321085,1.823420143827024,2.2123416774065885,51.710261569416495,0.03190884656365244,13.324324324324325,37.0
initial_value_80_samples_500_a_0.2_b_150_delta_2.0.csv,80,ols,3,8,45.21360593195775,6.7241063296142,5.31311143141051,6.848145460325833,48.8,0.024087894411037526,6.72972972972973,74.0
initial_value_80_samples_500_a_0.2_b_150_delta_2.0.csv,80,ols,3,10,49.3607805413182,7.025722777146719,5.331447344765833,6.915312404487269,47.0,0.024087894411037526,8.3,60.0
initial_value_80_samples_500_a_0.2_b_150_delta_2.0.csv,80,ols,3,12,50.609970254245965,7.11406847410439,5.508365690228407,7.241980387923561,50.4,0.024087894411037526,9.764705882352942,51.0
initial_value_80_samples_500_a_0.2_b_150_delta_2.0.csv,80,ols,3,15,83.23651843827824,9.123404980503619,6.7511297295727575,8.916463825276992,48.0,0.024087894411037526,11.857142857142858,42.0
initial_value_80_samples_500_a_0.2_b_150_delta_2.0.csv,80,ols,4,8,49.13022693285317,7.009295751561149,5.499891067339075,7.191294276603778,47.69539078156313,0.024087894411037526,6.985915492957746,71.0
initial_value_80_samples_500_a_0.2_b_150_delta_2.0.csv,80,ols,4,10,51.837818826907935,7.199848528053068,5.356857123071089,7.0067759983608395,49.4,0.024087894411037526,8.568965517241379,58.0
initial_value_80_samples_500_a_0.2_b_150_delta_2.0.csv,80,ols,4,12,59.937210221187094,7.741912568686571,5.631591780047066,7.2603118382846885,47.8,0.024087894411037526,10.142857142857142,49.0
initial_value_80_samples_500_a_0.2_b_150_delta_2.0.csv,80,ols,4,15,100.18756642311416,10.009373927629747,7.3836427230858614,9.777416066710437,47.199999999999996,0.024087894411037526,12.425,40.0
initial_value_80_samples_500_a_0.2_b_150_delta_2.0.csv,80,ols,5,8,40.54144810635155,6.3672166687141685,4.7688903195877925,6.289585806881984,50.0,0.024087894411037526,7.402985074626866,67.0
initial_value_80_samples_500_a_0.2_b_150_delta_2.0.csv,80,ols,5,10,47.45581172395675,6.888817875655935,5.2478626126757835,6.872411619420451,50.8,0.024087894411037526,8.701754385964913,57.0
initial_value_80_samples_500_a_0.2_b_150_delta_2.0.csv,80,ols,5,12,57.75658812888223,7.599775531480008,5.519083105667538,7.095055664749229,48.0,0.024087894411037526,10.333333333333334,48.0
initial_value_80_samples_500_a_0.2_b_150_delta_2.0.csv,80,ols,5,15,89.77634329775049,9.475037904818665,7.058546953089503,9.055082955758852,46.800000000000004,0.024087894411037526,12.717948717948717,39.0
initial_value_80_samples_500_a_0.3_b_120_delta_1.0.csv,80,ols,3,8,24.547367166460216,4.954529964230736,3.691351849552901,3.012067128946735,48.795180722891565,0.02330851561068184,7.75,64.0
initial_value_80_samples_500_a_0.3_b_120_delta_1.0.csv,80,ols,3,10,31.093169825573597,5.57612498295847,4.189435114698328,3.444292118769536,51.0,0.02330851561068184,9.39622641509434,53.0
initial_value_80_samples_500_a_0.3_b_120_delta_1.0.csv,80,ols,3,12,42.136675875191145,6.4912769063714375,5.070530262877887,4.092361855505748,49.0,0.02330851561068184,11.066666666666666,45.0
initial_value_80_samples_500_a_0.3_b_120_delta_1.0.csv,80,ols,3,15,34.888494171282694,5.906648302657159,4.55318144608193,3.692287138970643,48.199999999999996,0.02330851561068184,13.45945945945946,37.0
initial_value_80_samples_500_a_0.3_b_120_delta_1.0.csv,80,ols,4,8,26.272397033222937,5.125660643587609,3.8790017551089986,3.175014640323605,49.6,0.02330851561068184,7.765625,64.0
initial_value_80_samples_500_a_0.3_b_120_delta_1.0.csv,80,ols,4,10,32.976895258424676,5.74255128478838,4.518086357131921,3.7388997422462324,48.4,0.02330851561068184,9.557692307692308,52.0
initial_value_80_samples_500_a_0.3_b_120_delta_1.0.csv,80,ols,4,12,33.09408629515844,5.752745978674744,4.472490273057794,3.669380241178714,46.292585170340686,0.02330851561068184,11.272727272727273,44.0
initial_value_80_samples_500_a_0.3_b_120_delta_1.0.csv,80,ols,4,15,37.214677447639815,6.100383385299633,4.700131895303813,3.824367438610006,48.0,0.02330851561068184,13.432432432432432,37.0
initial_value_80_samples_500_a_0.3_b_120_delta_1.0.csv,80,ols,5,8,23.98054057906876,4.896993013990193,3.6973567379295784,2.9780915624061044,50.0,0.02330851561068184,7.873015873015873,63.0
initial_value_80_samples_500_a_0.3_b_120_delta_1.0.csv,80,ols,5,10,27.745456510714423,5.267395609854496,3.944139795514803,3.1367419097742566,49.4,0.02330851561068184,9.72549019607843,51.0
initial_value_80_samples_500_a_0.3_b_120_delta_1.0.csv,80,ols,5,12,37.70510413193713,6.140448202854342,4.624475160172177,3.679897828406517,50.8,0.02330851561068184,11.272727272727273,44.0
initial_value_80_samples_500_a_0.3_b_120_delta_1.0.csv,80,ols,5,15,56.72410164175989,7.531540456092624,5.9636606201051485,4.824070346317634,49.2,0.02330851561068184,13.777777777777779,36.0
initial_value_80_samples_500_a_0.4_b_110_delta_0.1.csv,80,ols,3,8,0.18266141035007774,0.42738906203841687,0.31428886282113033,0.3065737167587878,57.71543086172345,0.0297237388647226,7.888888888888889,63.0
initial_value_80_samples_500_a_0.4_b_110_delta_0.1.csv,80,ols,3,10,0.18828654289094812,0.4339199729108446,0.3186902661377358,0.3096869578869971,57.8,0.0297237388647226,9.764705882352942,51.0
initial_value_80_samples_500_a_0.4_b_110_delta_0.1.csv,80,ols,3,12,0.2084442522142639,0.456556953965509,0.34326697605380063,0.3329316637806502,59.199999999999996,0.0297237388647226,11.581395348837209,43.0
initial_value_80_samples_500_a_0.4_b_110_delta_0.1.csv,80,ols,3,15,0.3762081973114188,0.6133581313648812,0.4681147568012616,0.4542991210045294,59.599999999999994,0.0297237388647226,14.228571428571428,35.0
initial_value_80_samples_500_a_0.4_b_110_delta_0.1.csv,80,ols,4,8,0.17187234507084143,0.41457489681701837,0.3060081891051023,0.29866533491472297,60.0,0.0297237388647226,7.888888888888889,63.0
initial_value_80_samples_500_a_0.4_b_110_delta_0.1.csv,80,ols,4,10,0.27452718138963,0.5239534152857771,0.396414227399352,0.38454478484069227,60.4,0.0297237388647226,9.745098039215685,51.0
initial_value_80_samples_500_a_0.4_b_110_delta_0.1.csv,80,ols,4,12,0.2701531785386748,0.5197626174886713,0.3830602940929588,0.36939627783045675,58.199999999999996,0.0297237388647226,11.55813953488372,43.0
initial_value_80_samples_500_a_0.4_b_110_delta_0.1.csv,80,ols,4,15,0.3761944830352729,0.6133469515985817,0.4660174264098976,0.4474439183225393,59.036144578313255,0.0297237388647226,14.558823529411764,34.0
initial_value_80_samples_500_a_0.4_b_110_delta_0.1.csv,80,ols,5,8,0.19359452236765193,0.4399937753737568,0.33198280989445234,0.3251625202456797,58.14889336016097,0.0297237388647226,7.951612903225806,62.0
initial_value_80_samples_500_a_0.4_b_110_delta_0.1.csv,80,ols,5,10,0.19203024595800086,0.4382125579647403,0.33645297662007023,0.3312900352707129,61.44578313253012,0.0297237388647226,9.88,50.0
initial_value_80_samples_500_a_0.4_b_110_delta_0.1.csv,80,ols,5,12,0.331368116819145,0.5756458258505355,0.43177309431620037,0.4189831174416102,59.118236472945895,0.0297237388647226,11.785714285714286,42.0
initial_value_80_samples_500_a_0.4_b_110_delta_0.1.csv,80,ols,5,15,0.3224113793260493,0.5678128030663356,0.43524576230403095,0.4200390412438565,59.4,0.0297237388647226,14.588235294117647,34.0
initial_value_80_samples_500_a_0.5_b_130_delta_3.0.csv,80,ols,3,8,224.5347773543163,14.98448455417524,11.177972165216532,10.253607258541733,46.49298597194389,0.01732186264262015,6.902777777777778,72.0
initial_value_80_samples_500_a_0.5_b_130_delta_3.0.csv,80,ols,3,10,236.18093193183674,15.36817920027733,11.69685785063632,10.809509146505897,50.2,0.01732186264262015,8.736842105263158,57.0
initial_value_80_samples_500_a_0.5_b_130_delta_3.0.csv,80,ols,3,12,233.02654080563025,15.265206870711914,11.226634189080142,10.084770308910864,47.791164658634536,0.01732186264262015,10.553191489361701,47.0
initial_value_80_samples_500_a_0.5_b_130_delta_3.0.csv,80,ols,3,15,236.61988346743567,15.382453753138206,11.678431124607837,10.922611392722196,49.8,0.01732186264262015,12.76923076923077,39.0
initial_value_80_samples_500_a_0.5_b_130_delta_3.0.csv,80,ols,4,8,134.36829977225057,11.59173411411125,8.727980956700257,7.96519037763912,47.68611670020121,0.01732186264262015,7.159420289855072,69.0
initial_value_80_samples_500_a_0.5_b_130_delta_3.0.csv,80,ols,4,10,183.77406964151245,13.556329504755793,10.211071901535828,9.625844367993537,48.08853118712273,0.01732186264262015,8.821428571428571,56.0
initial_value_80_samples_500_a_0.5_b_130_delta_3.0.csv,80,ols,4,12,292.2290013705362,17.094706823181735,12.780629421113364,11.539022248531303,47.8,0.01732186264262015,10.574468085106384,47.0
initial_value_80_samples_500_a_0.5_b_130_delta_3.0.csv,80,ols,4,15,396.0919049351093,19.90205780654627,14.85529457148692,13.586171862871513,46.3855421686747,0.01732186264262015,13.026315789473685,38.0
initial_value_80_samples_500_a_0.5_b_130_delta_3.0.csv,80,ols,5,8,224.01652401148718,14.967181565394574,11.03307379569831,10.128023517544175,47.88732394366197,0.01732186264262015,7.825396825396825,63.0
initial_value_80_samples_500_a_0.5_b_130_delta_3.0.csv,80,ols,5,10,244.84821059258812,15.64762635649855,11.730846526048493,10.657968235696003,50.6,0.01732186264262015,8.857142857142858,56.0
initial_value_80_samples_500_a_0.5_b_130_delta_3.0.csv,80,ols,5,12,263.3002434237892,16.2265290011077,12.361150245335358,10.98553016806334,49.094567404426556,0.01732186264262015,10.717391304347826,46.0
initial_value_80_samples_500_a_0.5_b_130_delta_3.0.csv,80,ols,5,15,381.15842189180074,19.52327897387631,14.967428887299937,13.515172509458587,46.800000000000004,0.01732186264262015,13.405405405405405,37.0
initial_value_80_samples_500_a_0.6_b_90_delta_1.5.csv,80,ols,3,8,34.78361194445141,5.897763300137723,4.436737072736747,4.095473172450275,48.09619238476954,0.024061862320567205,7.202898550724638,69.0
initial_value_80_samples_500_a_0.6_b_90_delta_1.5.csv,80,ols,3,10,31.918549530705224,5.649650390130811,4.219089027175432,3.985825564257031,53.0,0.024061862320567205,8.586206896551724,58.0
initial_value_80_samples_500_a_0.6_b_90_delta_1.5.csv,80,ols,3,12,45.358757587088625,6.734891059778816,5.443083181795053,5.132756328060777,50.6,0.024061862320567205,10.16326530612245,49.0
initial_value_80_samples_500_a_0.6_b_90_delta_1.5.csv,80,ols,3,15,51.212980802629495,7.156324531673329,5.623895641330703,5.164060046618062,49.6,0.024061862320567205,12.45,40.0
initial_value_80_samples_500_a_0.6_b_90_delta_1.5.csv,80,ols,4,8,36.90941712899488,6.0753121013652365,4.775256198590134,4.457654195190197,49.6,0.024061862320567205,7.417910447761194,67.0
initial_value_80_samples_500_a_0.6_b_90_delta_1.5.csv,80,ols,4,10,30.73620029439351,5.54402383602321,4.310572893902003,4.11008861416271,48.199999999999996,0.024061862320567205,8.875,56.0
initial_value_80_samples_500_a_0.6_b_90_delta_1.5.csv,80,ols,4,12,51.34541964679113,7.16557182971402,5.274285651812876,4.9103642282806765,50.905432595573444,0.024061862320567205,10.291666666666666,48.0
initial_value_80_samples_500_a_0.6_b_90_delta_1.5.csv,80,ols,4,15,56.30989872457493,7.50399218580183,5.603004454516927,5.202650058955125,48.0,0.024061862320567205,12.743589743589743,39.0
initial_value_80_samples_500_a_0.6_b_90_delta_1.5.csv,80,ols,5,8,43.26455495783181,6.5775797188503775,4.965674431139706,4.641572719555027,47.199999999999996,0.024061862320567205,7.630769230769231,65.0
initial_value_80_samples_500_a_0.6_b_90_delta_1.5.csv,80,ols,5,10,40.11070324959927,6.333301133658439,5.019774641871723,4.694233323578515,52.800000000000004,0.024061862320567205,9.185185185185185,54.0
initial_value_80_samples_500_a_0.6_b_90_delta_1.5.csv,80,ols,5,12,53.16356137027946,7.291334676880458,5.385251957289984,4.988435480158605,53.50701402805611,0.024061862320567205,10.53191489361702,47.0
initial_value_80_samples_500_a_0.6_b_90_delta_1.5.csv,80,ols,5,15,59.54021050714619,7.716230330099419,6.151406781679974,5.7681010910970345,51.41129032258065,0.024061862320567205,12.947368421052632,38.0
initial_value_80_samples_500_a_0.8_b_80_delta_0.3.csv,80,ols,3,8,1.371921319105963,1.171290450360611,0.8780587771343521,1.0925103105357108,51.0,0.034966015684472385,6.821917808219178,73.0
initial_value_80_samples_500_a_0.8_b_80_delta_0.3.csv,80,ols,3,10,1.7376102657549735,1.3181844581677382,1.0053536978613,1.252844504649588,52.400000000000006,0.034966015684472385,8.586206896551724,58.0
initial_value_80_samples_500_a_0.8_b_80_delta_0.3.csv,80,ols,3,12,2.55939437090234,1.5998107297122182,1.2105465683918066,1.5050599734870056,50.0,0.034966015684472385,9.96,50.0
initial_value_80_samples_500_a_0.8_b_80_delta_0.3.csv,80,ols,3,15,2.339582882121717,1.5295695087578456,1.1521783385488882,1.4350572429979986,54.400000000000006,0.034966015684472385,12.146341463414634,41.0
initial_value_80_samples_500_a_0.8_b_80_delta_0.3.csv,80,ols,4,8,1.2761408492793187,1.12966404266017,0.8475079168345865,1.0543134872217936,53.0,0.034966015684472385,6.902777777777778,72.0
initial_value_80_samples_500_a_0.8_b_80_delta_0.3.csv,80,ols,4,10,2.1755286796747804,1.4749673486809056,1.1352861933383218,1.411960324746359,49.8,0.034966015684472385,8.719298245614034,57.0
initial_value_80_samples_500_a_0.8_b_80_delta_0.3.csv,80,ols,4,12,2.2474007776889016,1.4991333421977184,1.1597861235691165,1.4412976354579505,51.0,0.034966015684472385,10.354166666666666,48.0
initial_value_80_samples_500_a_0.8_b_80_delta_0.3.csv,80,ols,4,15,3.6238285326140383,1.9036356091999431,1.428181232275623,1.7751359166821377,48.6,0.034966015684472385,12.425,40.0
initial_value_80_samples_500_a_0.8_b_80_delta_0.3.csv,80,ols,5,8,1.5173668297369152,1.2318144461471927,0.9611651822687854,1.197806971179969,47.0,0.034966015684472385,7.294117647058823,68.0
initial_value_80_samples_500_a_0.8_b_80_delta_0.3.csv,80,ols,5,10,1.6170968287567926,1.2716512213483666,0.9589700239046105,1.1925361260432703,49.899799599198396,0.034966015684472385,8.839285714285714,56.0
initial_value_80_samples_500_a_0.8_b_80_delta_0.3.csv,80,ols,5,12,2.4749942896263097,1.5732114573782858,1.157318850377859,1.43830757221997,50.4,0.034966015684472385,10.553191489361701,47.0
initial_value_80_samples_500_a_0.8_b_80_delta_0.3.csv,80,ols,5,15,2.040882552444084,1.4285946074531026,1.0072665136909882,1.252991558611982,54.2,0.034966015684472385,12.717948717948717,39.0
