file,z0,method,w_min,w_max,mse,mae,avg_window_size,n_deviations,n_steps
initial_value_5_samples_500.csv,5,ols,3,8,11.304497492126934,2.555288800793646,7.78125,52.0,64.0
initial_value_5_samples_500.csv,5,diff_ols,3,8,31.3875107680508,2.8244563375561484,7.78125,63.0,64.0
initial_value_5_samples_500.csv,5,ols,3,10,16.769904074282273,3.1597862444314844,9.72549019607843,44.0,51.0
initial_value_5_samples_500.csv,5,diff_ols,3,10,9.425304423518906,2.321585339992295,9.72549019607843,51.0,51.0
initial_value_5_samples_500.csv,5,ols,3,12,17.0093927511625,3.0625797757444007,11.55813953488372,38.0,43.0
initial_value_5_samples_500.csv,5,diff_ols,3,12,10.900668954305694,2.4832892041988033,11.55813953488372,43.0,43.0
initial_value_5_samples_500.csv,5,ols,3,15,26.363070928137475,3.8420416541605316,14.17142857142857,28.0,35.0
initial_value_5_samples_500.csv,5,diff_ols,3,15,23.40973824976085,3.037671627746204,14.17142857142857,35.0,35.0
initial_value_5_samples_500.csv,5,ols,4,8,12.149749537977343,2.5577150879113346,7.888888888888889,50.0,63.0
initial_value_5_samples_500.csv,5,diff_ols,4,8,7.7044920076617265,2.053336728578409,7.888888888888889,63.0,63.0
initial_value_5_samples_500.csv,5,ols,4,10,14.636443187303426,2.951945807627453,9.745098039215685,42.0,51.0
initial_value_5_samples_500.csv,5,diff_ols,4,10,8.366726100750972,2.2292518909718737,9.745098039215685,51.0,51.0
initial_value_5_samples_500.csv,5,ols,4,12,14.843372609833065,2.9609765816443185,11.55813953488372,35.0,43.0
initial_value_5_samples_500.csv,5,diff_ols,4,12,9.716077343171673,2.382399526449926,11.55813953488372,43.0,43.0
initial_value_5_samples_500.csv,5,ols,4,15,17.513095035939067,3.1041933811212554,14.2,30.0,35.0
initial_value_5_samples_500.csv,5,diff_ols,4,15,21.896225610113053,2.9959632275472594,14.2,35.0,35.0
initial_value_5_samples_500.csv,5,ols,5,8,11.719810886647647,2.591048752742276,7.873015873015873,52.0,63.0
initial_value_5_samples_500.csv,5,diff_ols,5,8,9.329000655384698,2.1504342141995334,7.873015873015873,63.0,63.0
initial_value_5_samples_500.csv,5,ols,5,10,18.38966159461397,3.1287514290791503,9.84,43.0,50.0
initial_value_5_samples_500.csv,5,diff_ols,5,10,10.45927522198611,2.389277037990006,9.84,50.0,50.0
initial_value_5_samples_500.csv,5,ols,5,12,17.393731649019,3.234410800032041,11.714285714285714,38.0,42.0
initial_value_5_samples_500.csv,5,diff_ols,5,12,11.298887057371132,2.5414278472057905,11.714285714285714,42.0,42.0
initial_value_5_samples_500.csv,5,ols,5,15,27.52804145912053,3.8600699922935995,14.470588235294118,29.0,34.0
initial_value_5_samples_500.csv,5,diff_ols,5,15,16.15797337901802,2.997446376249804,14.470588235294118,34.0,34.0
initial_value_5_samples_5000.csv,5,ols,3,8,1.137551657773674,0.7865573052337601,7.971291866028708,549.0,627.0
initial_value_5_samples_5000.csv,5,diff_ols,3,8,6.66735880285922,0.7967058536724556,7.971291866028708,555.0,627.0
initial_value_5_samples_5000.csv,5,ols,3,10,1.5221942750989181,0.9087411015687971,9.952191235059761,464.0,502.0
initial_value_5_samples_5000.csv,5,diff_ols,3,10,6.8256825962637775,0.8099428061930074,9.952191235059761,464.0,502.0
initial_value_5_samples_5000.csv,5,ols,3,12,1.7344238624284607,0.9743202284095283,11.928400954653938,388.0,419.0
initial_value_5_samples_5000.csv,5,diff_ols,3,12,5.402243446066805,0.8806573821795632,11.928400954653938,396.0,419.0
initial_value_5_samples_5000.csv,5,ols,3,15,2.0362065372621156,1.0559568833364144,14.875,322.0,336.0
initial_value_5_samples_5000.csv,5,diff_ols,3,15,1.9445769956813912,0.845292553592735,14.875,326.0,336.0
initial_value_5_samples_5000.csv,5,ols,4,8,1.1703802279586581,0.7994374413410842,7.982428115015974,547.0,626.0
initial_value_5_samples_5000.csv,5,diff_ols,4,8,3.2167693632191896,0.7492517871856921,7.982428115015974,567.0,626.0
initial_value_5_samples_5000.csv,5,ols,4,10,1.5392559024930168,0.9150582522427803,9.968063872255488,458.0,501.0
initial_value_5_samples_5000.csv,5,diff_ols,4,10,3.9030365677635372,0.7948906664785699,9.968063872255488,460.0,501.0
initial_value_5_samples_5000.csv,5,ols,4,12,1.818081446900314,0.9947268573115826,11.947368421052632,393.0,418.0
initial_value_5_samples_5000.csv,5,diff_ols,4,12,1.1688660349776754,0.7671332471116684,11.947368421052632,400.0,418.0
initial_value_5_samples_5000.csv,5,ols,4,15,2.084106560648963,1.0736608072658884,14.87202380952381,319.0,336.0
initial_value_5_samples_5000.csv,5,diff_ols,4,15,8.876077833969852,0.9735890454814045,14.87202380952381,329.0,336.0
initial_value_5_samples_5000.csv,5,ols,5,8,1.1882805706375874,0.802730360279405,7.9888,551.0,625.0
initial_value_5_samples_5000.csv,5,diff_ols,5,8,1.225586569582368,0.6602723176122213,7.9888,545.0,625.0
initial_value_5_samples_5000.csv,5,ols,5,10,1.3290673730545048,0.8546364135525368,9.972055888223553,455.0,501.0
initial_value_5_samples_5000.csv,5,diff_ols,5,10,2.3206401896321163,0.7665331236147976,9.972055888223553,461.0,501.0
initial_value_5_samples_5000.csv,5,ols,5,12,1.6910948730408464,0.9543810375557524,11.952153110047847,388.0,418.0
initial_value_5_samples_5000.csv,5,diff_ols,5,12,5.7856188767120855,0.8482432763040926,11.952153110047847,395.0,418.0
initial_value_5_samples_5000.csv,5,ols,5,15,2.0407964145946567,1.0584897813170246,14.913432835820895,320.0,335.0
initial_value_5_samples_5000.csv,5,diff_ols,5,15,1.946653807536749,0.8465173432941274,14.913432835820895,325.0,335.0
initial_value_5_samples_500_a_0.1_b_100_delta_0.5.csv,5,ols,3,8,1.882729862947736,1.0314702176153583,7.78125,51.0,64.0
initial_value_5_samples_500_a_0.1_b_100_delta_0.5.csv,5,diff_ols,3,8,13.244511998387793,1.3033816153407745,7.78125,62.0,64.0
initial_value_5_samples_500_a_0.1_b_100_delta_0.5.csv,5,ols,3,10,2.9867923098335574,1.293225584031461,9.72549019607843,45.0,51.0
initial_value_5_samples_500_a_0.1_b_100_delta_0.5.csv,5,diff_ols,3,10,2.0178015760381283,1.0929016702129324,9.72549019607843,50.0,51.0
initial_value_5_samples_500_a_0.1_b_100_delta_0.5.csv,5,ols,3,12,3.5653011312964686,1.317182287848215,11.581395348837209,40.0,43.0
initial_value_5_samples_500_a_0.1_b_100_delta_0.5.csv,5,diff_ols,3,12,3.0437604889063143,1.269841983105391,11.581395348837209,42.0,43.0
initial_value_5_samples_500_a_0.1_b_100_delta_0.5.csv,5,ols,3,15,3.0225979619183265,1.286439259099334,14.228571428571428,31.0,35.0
initial_value_5_samples_500_a_0.1_b_100_delta_0.5.csv,5,diff_ols,3,15,2.5808024643914282,1.253372091029259,14.228571428571428,35.0,35.0
initial_value_5_samples_500_a_0.1_b_100_delta_0.5.csv,5,ols,4,8,2.2873814885056083,1.089806053759301,7.873015873015873,53.0,63.0
initial_value_5_samples_500_a_0.1_b_100_delta_0.5.csv,5,diff_ols,4,8,1.477569517215756,0.9281370415966955,7.873015873015873,59.0,63.0
initial_value_5_samples_500_a_0.1_b_100_delta_0.5.csv,5,ols,4,10,2.010280274647353,1.0544627702939398,9.745098039215685,44.0,51.0
initial_value_5_samples_500_a_0.1_b_100_delta_0.5.csv,5,diff_ols,4,10,1.896742302443451,1.0318908789203292,9.745098039215685,48.0,51.0
initial_value_5_samples_500_a_0.1_b_100_delta_0.5.csv,5,ols,4,12,2.447442451132725,1.1590074896424047,11.55813953488372,40.0,43.0
initial_value_5_samples_500_a_0.1_b_100_delta_0.5.csv,5,diff_ols,4,12,2.0055283402100614,1.0766792726619931,11.55813953488372,42.0,43.0
initial_value_5_samples_500_a_0.1_b_100_delta_0.5.csv,5,ols,4,15,4.934074851118642,1.5705940834666825,14.2,29.0,35.0
initial_value_5_samples_500_a_0.1_b_100_delta_0.5.csv,5,diff_ols,4,15,3.7360676151054326,1.4421415640888167,14.2,35.0,35.0
initial_value_5_samples_500_a_0.1_b_100_delta_0.5.csv,5,ols,5,8,2.0297297796704337,1.0618313254368992,7.873015873015873,50.0,63.0
initial_value_5_samples_500_a_0.1_b_100_delta_0.5.csv,5,diff_ols,5,8,1.5831670632512034,0.9373848424028622,7.873015873015873,61.0,63.0
initial_value_5_samples_500_a_0.1_b_100_delta_0.5.csv,5,ols,5,10,2.955701011626786,1.2524225984685902,9.72549019607843,45.0,51.0
initial_value_5_samples_500_a_0.1_b_100_delta_0.5.csv,5,diff_ols,5,10,2.0415305861770685,1.04339684937241,9.72549019607843,51.0,51.0
initial_value_5_samples_500_a_0.1_b_100_delta_0.5.csv,5,ols,5,12,2.8178733926344366,1.2967144684142442,11.714285714285714,37.0,42.0
initial_value_5_samples_500_a_0.1_b_100_delta_0.5.csv,5,diff_ols,5,12,2.389096262172227,1.1964656504937614,11.714285714285714,42.0,42.0
initial_value_5_samples_500_a_0.1_b_100_delta_0.5.csv,5,ols,5,15,4.758992723806673,1.5806831664431988,14.5,27.0,34.0
initial_value_5_samples_500_a_0.1_b_100_delta_0.5.csv,5,diff_ols,5,15,3.2862329377113233,1.3720487245905064,14.5,34.0,34.0
initial_value_5_samples_500_a_0.2_b_150_delta_2.0.csv,5,ols,3,8,66.47286243166174,6.294260180926155,7.630769230769231,54.0,65.0
initial_value_5_samples_500_a_0.2_b_150_delta_2.0.csv,5,diff_ols,3,8,90.55185172225539,5.287141475917592,7.630769230769231,63.0,65.0
initial_value_5_samples_500_a_0.2_b_150_delta_2.0.csv,5,ols,3,10,61.333193842369205,5.780447113454501,9.377358490566039,41.0,53.0
initial_value_5_samples_500_a_0.2_b_150_delta_2.0.csv,5,diff_ols,3,10,47.338409461510714,5.075122217914439,9.377358490566039,52.0,53.0
initial_value_5_samples_500_a_0.2_b_150_delta_2.0.csv,5,ols,3,12,80.77028649682501,7.00423401210991,10.826086956521738,41.0,46.0
initial_value_5_samples_500_a_0.2_b_150_delta_2.0.csv,5,diff_ols,3,12,67.31547205874378,5.96590525990063,10.826086956521738,45.0,46.0
initial_value_5_samples_500_a_0.2_b_150_delta_2.0.csv,5,ols,3,15,112.9866985637581,7.2533264841661245,13.105263157894736,27.0,38.0
initial_value_5_samples_500_a_0.2_b_150_delta_2.0.csv,5,diff_ols,3,15,261.29033725218125,8.655854867055918,13.105263157894736,37.0,38.0
initial_value_5_samples_500_a_0.2_b_150_delta_2.0.csv,5,ols,4,8,49.57540556945852,5.159463791777493,7.765625,52.0,64.0
initial_value_5_samples_500_a_0.2_b_150_delta_2.0.csv,5,diff_ols,4,8,41.60554393984828,4.78436627226251,7.765625,64.0,64.0
initial_value_5_samples_500_a_0.2_b_150_delta_2.0.csv,5,ols,4,10,69.28861615289257,6.205617689993045,9.557692307692308,42.0,52.0
initial_value_5_samples_500_a_0.2_b_150_delta_2.0.csv,5,diff_ols,4,10,39.135603949293134,4.6305249690952675,9.557692307692308,51.0,52.0
initial_value_5_samples_500_a_0.2_b_150_delta_2.0.csv,5,ols,4,12,99.26003608246408,7.21242164870566,11.25,40.0,44.0
initial_value_5_samples_500_a_0.2_b_150_delta_2.0.csv,5,diff_ols,4,12,59.96697771465201,5.7719837919502455,11.25,44.0,44.0
initial_value_5_samples_500_a_0.2_b_150_delta_2.0.csv,5,ols,4,15,100.34226738551439,7.00015360548644,13.432432432432432,30.0,37.0
initial_value_5_samples_500_a_0.2_b_150_delta_2.0.csv,5,diff_ols,4,15,83.76202847229547,6.844238957026791,13.432432432432432,36.0,37.0
initial_value_5_samples_500_a_0.2_b_150_delta_2.0.csv,5,ols,5,8,49.50225097010235,5.1471145625445605,7.873015873015873,51.0,63.0
initial_value_5_samples_500_a_0.2_b_150_delta_2.0.csv,5,diff_ols,5,8,41.669406215903884,4.792768343302355,7.873015873015873,63.0,63.0
initial_value_5_samples_500_a_0.2_b_150_delta_2.0.csv,5,ols,5,10,69.51145383774511,6.245635076446225,9.72549019607843,41.0,51.0
initial_value_5_samples_500_a_0.2_b_150_delta_2.0.csv,5,diff_ols,5,10,39.787961287825155,4.689919317526171,9.72549019607843,50.0,51.0
initial_value_5_samples_500_a_0.2_b_150_delta_2.0.csv,5,ols,5,12,98.48877438549746,7.104603756495781,11.511627906976743,33.0,43.0
initial_value_5_samples_500_a_0.2_b_150_delta_2.0.csv,5,diff_ols,5,12,58.93388529620945,5.7592672897156065,11.511627906976743,42.0,43.0
initial_value_5_samples_500_a_0.2_b_150_delta_2.0.csv,5,ols,5,15,104.8898765088213,6.922711637926574,13.777777777777779,23.0,36.0
initial_value_5_samples_500_a_0.2_b_150_delta_2.0.csv,5,diff_ols,5,15,285.65378712127574,8.82723953083271,13.777777777777779,36.0,36.0
initial_value_5_samples_500_a_0.3_b_120_delta_1.0.csv,5,ols,3,8,16.232605340693897,2.880146139224403,7.873015873015873,52.0,63.0
initial_value_5_samples_500_a_0.3_b_120_delta_1.0.csv,5,diff_ols,3,8,11.720540703013208,2.5121835105764494,7.873015873015873,63.0,63.0
initial_value_5_samples_500_a_0.3_b_120_delta_1.0.csv,5,ols,3,10,27.087017407947815,3.9429118498071345,9.764705882352942,45.0,51.0
initial_value_5_samples_500_a_0.3_b_120_delta_1.0.csv,5,diff_ols,3,10,14.417061641389697,2.9920833148805346,9.764705882352942,51.0,51.0
initial_value_5_samples_500_a_0.3_b_120_delta_1.0.csv,5,ols,3,12,27.127145374617687,3.8828872267095047,11.581395348837209,35.0,43.0
initial_value_5_samples_500_a_0.3_b_120_delta_1.0.csv,5,diff_ols,3,12,14.939580783527168,2.8693922799023297,11.581395348837209,42.0,43.0
initial_value_5_samples_500_a_0.3_b_120_delta_1.0.csv,5,ols,3,15,29.303000087907787,4.065824580441419,14.228571428571428,29.0,35.0
initial_value_5_samples_500_a_0.3_b_120_delta_1.0.csv,5,diff_ols,3,15,18.095673779866672,3.182563911090983,14.228571428571428,35.0,35.0
initial_value_5_samples_500_a_0.3_b_120_delta_1.0.csv,5,ols,4,8,20.39643675457378,3.273858005138528,7.888888888888889,52.0,63.0
initial_value_5_samples_500_a_0.3_b_120_delta_1.0.csv,5,diff_ols,4,8,10.175578155964129,2.3811259104475986,7.888888888888889,61.0,63.0
initial_value_5_samples_500_a_0.3_b_120_delta_1.0.csv,5,ols,4,10,16.38668476888941,2.9422264790177737,9.745098039215685,45.0,51.0
initial_value_5_samples_500_a_0.3_b_120_delta_1.0.csv,5,diff_ols,4,10,11.187397794708568,2.581564286380788,9.745098039215685,51.0,51.0
initial_value_5_samples_500_a_0.3_b_120_delta_1.0.csv,5,ols,4,12,27.804186107299575,3.9573845871310667,11.55813953488372,35.0,43.0
initial_value_5_samples_500_a_0.3_b_120_delta_1.0.csv,5,diff_ols,4,12,12.959186909003318,2.811950245816471,11.55813953488372,43.0,43.0
initial_value_5_samples_500_a_0.3_b_120_delta_1.0.csv,5,ols,4,15,33.557251978765606,4.505973152970073,14.2,30.0,35.0
initial_value_5_samples_500_a_0.3_b_120_delta_1.0.csv,5,diff_ols,4,15,19.835817703762714,3.4026279876750816,14.2,35.0,35.0
initial_value_5_samples_500_a_0.3_b_120_delta_1.0.csv,5,ols,5,8,17.022295218870596,2.9753822078153442,7.935483870967742,50.0,62.0
initial_value_5_samples_500_a_0.3_b_120_delta_1.0.csv,5,diff_ols,5,8,35.51899264103819,2.9721244312135493,7.935483870967742,61.0,62.0
initial_value_5_samples_500_a_0.3_b_120_delta_1.0.csv,5,ols,5,10,22.298703614023022,3.3261854593196922,9.86,45.0,50.0
initial_value_5_samples_500_a_0.3_b_120_delta_1.0.csv,5,diff_ols,5,10,11.403104183697375,2.5598614607614816,9.86,50.0,50.0
initial_value_5_samples_500_a_0.3_b_120_delta_1.0.csv,5,ols,5,12,26.2695209069528,3.78701289131188,11.785714285714286,40.0,42.0
initial_value_5_samples_500_a_0.3_b_120_delta_1.0.csv,5,diff_ols,5,12,14.223850167181299,2.9570352859548037,11.785714285714286,42.0,42.0
initial_value_5_samples_500_a_0.3_b_120_delta_1.0.csv,5,ols,5,15,35.07941973074057,4.526764413244504,14.588235294117647,31.0,34.0
initial_value_5_samples_500_a_0.3_b_120_delta_1.0.csv,5,diff_ols,5,15,24.0910888276675,3.558603917122141,14.588235294117647,34.0,34.0
initial_value_5_samples_500_a_0.3_b_150.csv,5,ols,3,8,71.52687004589075,6.347650059037929,7.78125,55.0,64.0
initial_value_5_samples_500_a_0.3_b_150.csv,5,diff_ols,3,8,48.13580463620032,5.116202865281015,7.78125,62.0,64.0
initial_value_5_samples_500_a_0.3_b_150.csv,5,ols,3,10,101.40179966834299,7.441139070057804,9.576923076923077,40.0,52.0
initial_value_5_samples_500_a_0.3_b_150.csv,5,diff_ols,3,10,57.54705330841211,5.757922245574138,9.576923076923077,52.0,52.0
initial_value_5_samples_500_a_0.3_b_150.csv,5,ols,3,12,131.31028785607688,7.841976730916256,11.272727272727273,34.0,44.0
initial_value_5_samples_500_a_0.3_b_150.csv,5,diff_ols,3,12,120.96258895523131,6.785680360875993,11.272727272727273,44.0,44.0
initial_value_5_samples_500_a_0.3_b_150.csv,5,ols,3,15,108.10859750217168,7.486896842051782,13.45945945945946,29.0,37.0
initial_value_5_samples_500_a_0.3_b_150.csv,5,diff_ols,3,15,85.95513969762294,6.467633042823178,13.45945945945946,36.0,37.0
initial_value_5_samples_500_a_0.3_b_150.csv,5,ols,4,8,65.3710808223096,6.013433038989875,7.873015873015873,48.0,63.0
initial_value_5_samples_500_a_0.3_b_150.csv,5,diff_ols,4,8,193.67106251693698,6.470276861751003,7.873015873015873,63.0,63.0
initial_value_5_samples_500_a_0.3_b_150.csv,5,ols,4,10,70.6908828377585,6.191319606288081,9.745098039215685,35.0,51.0
initial_value_5_samples_500_a_0.3_b_150.csv,5,diff_ols,4,10,57.836835106931595,5.3610957692981085,9.745098039215685,50.0,51.0
initial_value_5_samples_500_a_0.3_b_150.csv,5,ols,4,12,147.98344811721466,8.727485776209896,11.511627906976743,33.0,43.0
initial_value_5_samples_500_a_0.3_b_150.csv,5,diff_ols,4,12,66.17496560413908,6.129687214936571,11.511627906976743,43.0,43.0
initial_value_5_samples_500_a_0.3_b_150.csv,5,ols,4,15,147.02035422734915,8.586970753208389,13.777777777777779,29.0,36.0
initial_value_5_samples_500_a_0.3_b_150.csv,5,diff_ols,4,15,81.12510396448455,6.829713367305776,13.777777777777779,35.0,36.0
initial_value_5_samples_500_a_0.3_b_150.csv,5,ols,5,8,58.46774147757094,5.895727637493244,7.935483870967742,48.0,62.0
initial_value_5_samples_500_a_0.3_b_150.csv,5,diff_ols,5,8,135.26221943878892,5.79194072118302,7.935483870967742,62.0,62.0
initial_value_5_samples_500_a_0.3_b_150.csv,5,ols,5,10,96.30046632986051,7.01132646412889,9.72549019607843,42.0,51.0
initial_value_5_samples_500_a_0.3_b_150.csv,5,diff_ols,5,10,54.61514527016053,5.4885250028417305,9.72549019607843,49.0,51.0
initial_value_5_samples_500_a_0.3_b_150.csv,5,ols,5,12,109.25628969291516,7.789585976556097,11.534883720930232,34.0,43.0
initial_value_5_samples_500_a_0.3_b_150.csv,5,diff_ols,5,12,121.41628734839925,6.327924149100952,11.534883720930232,42.0,43.0
initial_value_5_samples_500_a_0.3_b_150.csv,5,ols,5,15,150.91000018766587,9.284398073087639,13.777777777777779,30.0,36.0
initial_value_5_samples_500_a_0.3_b_150.csv,5,diff_ols,5,15,163.35011383432433,7.600399805173769,13.777777777777779,35.0,36.0
initial_value_5_samples_500_a_0.4_b_110_delta_0.1.csv,5,ols,3,8,0.45155875385528155,0.48120842426581173,7.888888888888889,34.0,63.0
initial_value_5_samples_500_a_0.4_b_110_delta_0.1.csv,5,diff_ols,3,8,2.1392623817756116,0.9728820811226322,7.888888888888889,59.0,63.0
initial_value_5_samples_500_a_0.4_b_110_delta_0.1.csv,5,ols,3,10,0.6571790892919163,0.5500878010957111,9.764705882352942,29.0,51.0
initial_value_5_samples_500_a_0.4_b_110_delta_0.1.csv,5,diff_ols,3,10,3.02650378224478,1.1329710257038246,9.764705882352942,49.0,51.0
initial_value_5_samples_500_a_0.4_b_110_delta_0.1.csv,5,ols,3,12,0.865342239871546,0.6438568618034969,11.581395348837209,23.0,43.0
initial_value_5_samples_500_a_0.4_b_110_delta_0.1.csv,5,diff_ols,3,12,4.3583019443469135,1.3927245512181181,11.581395348837209,43.0,43.0
initial_value_5_samples_500_a_0.4_b_110_delta_0.1.csv,5,ols,3,15,1.4825328663525754,0.8453386603781267,14.228571428571428,22.0,35.0
initial_value_5_samples_500_a_0.4_b_110_delta_0.1.csv,5,diff_ols,3,15,6.496423624941778,1.6767538752818785,14.228571428571428,33.0,35.0
initial_value_5_samples_500_a_0.4_b_110_delta_0.1.csv,5,ols,4,8,0.37222228306473676,0.43685151204025335,7.888888888888889,35.0,63.0
initial_value_5_samples_500_a_0.4_b_110_delta_0.1.csv,5,diff_ols,4,8,2.1505720731103826,0.9634793975080539,7.888888888888889,61.0,63.0
initial_value_5_samples_500_a_0.4_b_110_delta_0.1.csv,5,ols,4,10,0.6600519098633213,0.5889173191348894,9.745098039215685,35.0,51.0
initial_value_5_samples_500_a_0.4_b_110_delta_0.1.csv,5,diff_ols,4,10,3.21525080842438,1.1980970702700178,9.745098039215685,48.0,51.0
initial_value_5_samples_500_a_0.4_b_110_delta_0.1.csv,5,ols,4,12,0.8941977050698801,0.6598473579220105,11.55813953488372,23.0,43.0
initial_value_5_samples_500_a_0.4_b_110_delta_0.1.csv,5,diff_ols,4,12,4.228492438817639,1.3235510436516116,11.55813953488372,38.0,43.0
initial_value_5_samples_500_a_0.4_b_110_delta_0.1.csv,5,ols,4,15,1.5359733456942684,0.8422358798489984,14.558823529411764,21.0,34.0
initial_value_5_samples_500_a_0.4_b_110_delta_0.1.csv,5,diff_ols,4,15,6.520348576517285,1.6738922826083538,14.558823529411764,32.0,34.0
initial_value_5_samples_500_a_0.4_b_110_delta_0.1.csv,5,ols,5,8,0.42878118076416283,0.4800961398168387,7.935483870967742,36.0,62.0
initial_value_5_samples_500_a_0.4_b_110_delta_0.1.csv,5,diff_ols,5,8,2.161897430757798,0.973726061646582,7.935483870967742,60.0,62.0
initial_value_5_samples_500_a_0.4_b_110_delta_0.1.csv,5,ols,5,10,0.666548837455967,0.5754695411909048,9.88,29.0,50.0
initial_value_5_samples_500_a_0.4_b_110_delta_0.1.csv,5,diff_ols,5,10,3.1872097716268746,1.1681677741804937,9.88,48.0,50.0
initial_value_5_samples_500_a_0.4_b_110_delta_0.1.csv,5,ols,5,12,0.8802926218586512,0.6539750365488511,11.785714285714286,22.0,42.0
initial_value_5_samples_500_a_0.4_b_110_delta_0.1.csv,5,diff_ols,5,12,4.3228916663457735,1.3530687162555906,11.785714285714286,41.0,42.0
initial_value_5_samples_500_a_0.4_b_110_delta_0.1.csv,5,ols,5,15,1.197616995212026,0.7345063466949038,14.588235294117647,19.0,34.0
initial_value_5_samples_500_a_0.4_b_110_delta_0.1.csv,5,diff_ols,5,15,6.274084051219554,1.608060289618906,14.588235294117647,33.0,34.0
initial_value_5_samples_500_a_0.4_b_120.csv,5,ols,3,8,34.35263719307186,4.475951217504455,7.78125,53.0,64.0
initial_value_5_samples_500_a_0.4_b_120.csv,5,diff_ols,3,8,21.601929164810567,3.6284854121300265,7.78125,64.0,64.0
initial_value_5_samples_500_a_0.4_b_120.csv,5,ols,3,10,40.68418218038953,4.8986279751626345,9.576923076923077,41.0,52.0
initial_value_5_samples_500_a_0.4_b_120.csv,5,diff_ols,3,10,56.87771896258581,4.372940105444341,9.576923076923077,52.0,52.0
initial_value_5_samples_500_a_0.4_b_120.csv,5,ols,3,12,59.210726752606384,5.912172777644346,11.318181818181818,35.0,44.0
initial_value_5_samples_500_a_0.4_b_120.csv,5,diff_ols,3,12,36.15773579663788,4.435979791331047,11.318181818181818,44.0,44.0
initial_value_5_samples_500_a_0.4_b_120.csv,5,ols,3,15,69.3058705740013,6.3965423633951435,13.833333333333334,32.0,36.0
initial_value_5_samples_500_a_0.4_b_120.csv,5,diff_ols,3,15,37.17163811555452,4.555986836614575,13.833333333333334,36.0,36.0
initial_value_5_samples_500_a_0.4_b_120.csv,5,ols,4,8,49.58990682742926,5.275022845177571,7.888888888888889,56.0,63.0
initial_value_5_samples_500_a_0.4_b_120.csv,5,diff_ols,4,8,20.987043021094067,3.461218839075139,7.888888888888889,63.0,63.0
initial_value_5_samples_500_a_0.4_b_120.csv,5,ols,4,10,55.99588136919028,5.72964945592135,9.745098039215685,43.0,51.0
initial_value_5_samples_500_a_0.4_b_120.csv,5,diff_ols,4,10,33.738906085641155,4.038466074587881,9.745098039215685,50.0,51.0
initial_value_5_samples_500_a_0.4_b_120.csv,5,ols,4,12,59.395634173887785,6.000443547267859,11.55813953488372,36.0,43.0
initial_value_5_samples_500_a_0.4_b_120.csv,5,diff_ols,4,12,34.44097583512227,4.3244043735476,11.55813953488372,43.0,43.0
initial_value_5_samples_500_a_0.4_b_120.csv,5,ols,4,15,64.98006229340653,5.866283331259905,14.2,28.0,35.0
initial_value_5_samples_500_a_0.4_b_120.csv,5,diff_ols,4,15,42.420631644582905,4.888062726300451,14.2,35.0,35.0
initial_value_5_samples_500_a_0.4_b_120.csv,5,ols,5,8,34.4540141837241,4.4927192223783665,7.935483870967742,51.0,62.0
initial_value_5_samples_500_a_0.4_b_120.csv,5,diff_ols,5,8,21.69213554242651,3.6401235792738893,7.935483870967742,62.0,62.0
initial_value_5_samples_500_a_0.4_b_120.csv,5,ols,5,10,40.80285915637193,4.908146100180932,9.86,39.0,50.0
initial_value_5_samples_500_a_0.4_b_120.csv,5,diff_ols,5,10,57.33172921455278,4.392417580952193,9.86,50.0,50.0
initial_value_5_samples_500_a_0.4_b_120.csv,5,ols,5,12,56.52295443160904,5.609660651060466,11.761904761904763,36.0,42.0
initial_value_5_samples_500_a_0.4_b_120.csv,5,diff_ols,5,12,28.979941796214373,4.009851006288455,11.761904761904763,42.0,42.0
initial_value_5_samples_500_a_0.4_b_120.csv,5,ols,5,15,67.32156749825049,6.247896378852589,14.17142857142857,30.0,35.0
initial_value_5_samples_500_a_0.4_b_120.csv,5,diff_ols,5,15,32.512177366224925,4.23435943558014,14.17142857142857,35.0,35.0
initial_value_5_samples_500_a_0.4_b_130.csv,5,ols,3,8,33.03390875940135,4.0118063513808995,7.78125,48.0,64.0
initial_value_5_samples_500_a_0.4_b_130.csv,5,diff_ols,3,8,21.87812305285089,3.5456648566487905,7.78125,64.0,64.0
initial_value_5_samples_500_a_0.4_b_130.csv,5,ols,3,10,49.3114076022219,4.980091008956963,9.576923076923077,40.0,52.0
initial_value_5_samples_500_a_0.4_b_130.csv,5,diff_ols,3,10,41.34769434612444,4.582172949690351,9.576923076923077,52.0,52.0
initial_value_5_samples_500_a_0.4_b_130.csv,5,ols,3,12,57.25062073032446,5.481362508562459,11.55813953488372,34.0,43.0
initial_value_5_samples_500_a_0.4_b_130.csv,5,diff_ols,3,12,59.118687572008824,5.1468615480205315,11.55813953488372,43.0,43.0
initial_value_5_samples_500_a_0.4_b_130.csv,5,ols,3,15,89.45526120088658,6.367278067316929,14.228571428571428,29.0,35.0
initial_value_5_samples_500_a_0.4_b_130.csv,5,diff_ols,3,15,51.99106688760933,5.270478385178282,14.228571428571428,34.0,35.0
initial_value_5_samples_500_a_0.4_b_130.csv,5,ols,4,8,39.34693112749168,4.707315071458512,7.888888888888889,49.0,63.0
initial_value_5_samples_500_a_0.4_b_130.csv,5,diff_ols,4,8,22.073549816980968,3.5884480898583657,7.888888888888889,62.0,63.0
initial_value_5_samples_500_a_0.4_b_130.csv,5,ols,4,10,49.752001259192134,4.999352254205053,9.745098039215685,36.0,51.0
initial_value_5_samples_500_a_0.4_b_130.csv,5,diff_ols,4,10,31.01666044392422,4.168327687140882,9.745098039215685,51.0,51.0
initial_value_5_samples_500_a_0.4_b_130.csv,5,ols,4,12,37.1828568361864,4.623155064766912,11.55813953488372,35.0,43.0
initial_value_5_samples_500_a_0.4_b_130.csv,5,diff_ols,4,12,40.70159999137751,4.40932635012056,11.55813953488372,43.0,43.0
initial_value_5_samples_500_a_0.4_b_130.csv,5,ols,4,15,66.44539857270274,5.688076538508255,14.2,27.0,35.0
initial_value_5_samples_500_a_0.4_b_130.csv,5,diff_ols,4,15,40.1323015982418,4.642364334237406,14.2,35.0,35.0
initial_value_5_samples_500_a_0.4_b_130.csv,5,ols,5,8,35.73086753501489,4.331154035966145,7.873015873015873,50.0,63.0
initial_value_5_samples_500_a_0.4_b_130.csv,5,diff_ols,5,8,129.12009172715784,4.958799510806558,7.873015873015873,62.0,63.0
initial_value_5_samples_500_a_0.4_b_130.csv,5,ols,5,10,44.14892029292909,4.6876229873810304,9.84,41.0,50.0
initial_value_5_samples_500_a_0.4_b_130.csv,5,diff_ols,5,10,30.022832777299513,4.116009425442555,9.84,49.0,50.0
initial_value_5_samples_500_a_0.4_b_130.csv,5,ols,5,12,55.14094066574929,5.307751706304299,11.738095238095237,33.0,42.0
initial_value_5_samples_500_a_0.4_b_130.csv,5,diff_ols,5,12,58.36280069762032,4.754181903977671,11.738095238095237,42.0,42.0
initial_value_5_samples_500_a_0.4_b_130.csv,5,ols,5,15,56.28722014983565,5.459872392874305,14.470588235294118,25.0,34.0
initial_value_5_samples_500_a_0.4_b_130.csv,5,diff_ols,5,15,40.19223137288006,4.893893773018951,14.470588235294118,34.0,34.0
initial_value_5_samples_500_a_0.5_b_120.csv,5,ols,3,8,111.37412495401391,7.5946555298633145,7.78125,49.0,64.0
initial_value_5_samples_500_a_0.5_b_120.csv,5,diff_ols,3,8,43.79247973697516,4.834463663953427,7.78125,62.0,64.0
initial_value_5_samples_500_a_0.5_b_120.csv,5,ols,3,10,103.79383796287962,7.772027987921604,9.576923076923077,41.0,52.0
initial_value_5_samples_500_a_0.5_b_120.csv,5,diff_ols,3,10,76.92339636226377,6.652900579599398,9.576923076923077,52.0,52.0
initial_value_5_samples_500_a_0.5_b_120.csv,5,ols,3,12,156.6111685822507,9.15700685167893,11.318181818181818,34.0,44.0
initial_value_5_samples_500_a_0.5_b_120.csv,5,diff_ols,3,12,79.02227300621604,6.691856643863421,11.318181818181818,44.0,44.0
initial_value_5_samples_500_a_0.5_b_120.csv,5,ols,3,15,156.78010178470402,9.164523626842966,13.833333333333334,25.0,36.0
initial_value_5_samples_500_a_0.5_b_120.csv,5,diff_ols,3,15,321.567480933493,9.261470812560725,13.833333333333334,36.0,36.0
initial_value_5_samples_500_a_0.5_b_120.csv,5,ols,4,8,98.71145089315698,7.611339529060005,7.888888888888889,57.0,63.0
initial_value_5_samples_500_a_0.5_b_120.csv,5,diff_ols,4,8,55.17052441625362,5.6949808553009715,7.888888888888889,62.0,63.0
initial_value_5_samples_500_a_0.5_b_120.csv,5,ols,4,10,113.42711642553465,8.336656969313216,9.745098039215685,41.0,51.0
initial_value_5_samples_500_a_0.5_b_120.csv,5,diff_ols,4,10,54.210120276725824,5.6851618713132686,9.745098039215685,49.0,51.0
initial_value_5_samples_500_a_0.5_b_120.csv,5,ols,4,12,115.58821019725124,7.924082970470428,11.55813953488372,33.0,43.0
initial_value_5_samples_500_a_0.5_b_120.csv,5,diff_ols,4,12,67.89094682286874,6.006818278285764,11.55813953488372,42.0,43.0
initial_value_5_samples_500_a_0.5_b_120.csv,5,ols,4,15,172.8843303929122,10.181668817676455,14.2,27.0,35.0
initial_value_5_samples_500_a_0.5_b_120.csv,5,diff_ols,4,15,96.72266086651169,7.582809585811769,14.2,35.0,35.0
initial_value_5_samples_500_a_0.5_b_120.csv,5,ols,5,8,121.93739489435572,7.897278257211124,7.873015873015873,52.0,63.0
initial_value_5_samples_500_a_0.5_b_120.csv,5,diff_ols,5,8,112.71964868568931,6.550272694402885,7.873015873015873,63.0,63.0
initial_value_5_samples_500_a_0.5_b_120.csv,5,ols,5,10,143.17741524605313,8.314697839387104,9.86,43.0,50.0
initial_value_5_samples_500_a_0.5_b_120.csv,5,diff_ols,5,10,67.10255714696132,6.060541881846687,9.86,49.0,50.0
initial_value_5_samples_500_a_0.5_b_120.csv,5,ols,5,12,154.96473571228972,9.215028343453293,11.534883720930232,31.0,43.0
initial_value_5_samples_500_a_0.5_b_120.csv,5,diff_ols,5,12,76.95795431110226,6.76507930568853,11.534883720930232,43.0,43.0
initial_value_5_samples_500_a_0.5_b_120.csv,5,ols,5,15,132.10898539093674,8.456042193186883,14.17142857142857,28.0,35.0
initial_value_5_samples_500_a_0.5_b_120.csv,5,diff_ols,5,15,79.6943727897304,6.72282785773198,14.17142857142857,35.0,35.0
initial_value_5_samples_500_a_0.5_b_130_delta_10.csv,5,ols,3,8,,,,,
initial_value_5_samples_500_a_0.5_b_130_delta_10.csv,5,diff_ols,3,8,,,,,
initial_value_5_samples_500_a_0.5_b_130_delta_10.csv,5,ols,3,10,,,,,
initial_value_5_samples_500_a_0.5_b_130_delta_10.csv,5,diff_ols,3,10,,,,,
initial_value_5_samples_500_a_0.5_b_130_delta_10.csv,5,ols,3,12,,,,,
initial_value_5_samples_500_a_0.5_b_130_delta_10.csv,5,diff_ols,3,12,,,,,
initial_value_5_samples_500_a_0.5_b_130_delta_10.csv,5,ols,3,15,,,,,
initial_value_5_samples_500_a_0.5_b_130_delta_10.csv,5,diff_ols,3,15,,,,,
initial_value_5_samples_500_a_0.5_b_130_delta_10.csv,5,ols,4,8,,,,,
initial_value_5_samples_500_a_0.5_b_130_delta_10.csv,5,diff_ols,4,8,,,,,
initial_value_5_samples_500_a_0.5_b_130_delta_10.csv,5,ols,4,10,,,,,
initial_value_5_samples_500_a_0.5_b_130_delta_10.csv,5,diff_ols,4,10,,,,,
initial_value_5_samples_500_a_0.5_b_130_delta_10.csv,5,ols,4,12,,,,,
initial_value_5_samples_500_a_0.5_b_130_delta_10.csv,5,diff_ols,4,12,,,,,
initial_value_5_samples_500_a_0.5_b_130_delta_10.csv,5,ols,4,15,,,,,
initial_value_5_samples_500_a_0.5_b_130_delta_10.csv,5,diff_ols,4,15,,,,,
initial_value_5_samples_500_a_0.5_b_130_delta_10.csv,5,ols,5,8,,,,,
initial_value_5_samples_500_a_0.5_b_130_delta_10.csv,5,diff_ols,5,8,,,,,
initial_value_5_samples_500_a_0.5_b_130_delta_10.csv,5,ols,5,10,,,,,
initial_value_5_samples_500_a_0.5_b_130_delta_10.csv,5,diff_ols,5,10,,,,,
initial_value_5_samples_500_a_0.5_b_130_delta_10.csv,5,ols,5,12,,,,,
initial_value_5_samples_500_a_0.5_b_130_delta_10.csv,5,diff_ols,5,12,,,,,
initial_value_5_samples_500_a_0.5_b_130_delta_10.csv,5,ols,5,15,,,,,
initial_value_5_samples_500_a_0.5_b_130_delta_10.csv,5,diff_ols,5,15,,,,,
initial_value_5_samples_500_a_0.5_b_130_delta_3.0.csv,5,ols,3,8,218.9342626197594,11.254503280500469,7.78125,43.0,64.0
initial_value_5_samples_500_a_0.5_b_130_delta_3.0.csv,5,diff_ols,3,8,112.96822185246849,7.750126782697474,7.78125,62.0,64.0
initial_value_5_samples_500_a_0.5_b_130_delta_3.0.csv,5,ols,3,10,254.5203256563936,12.362062489708984,9.538461538461538,38.0,52.0
initial_value_5_samples_500_a_0.5_b_130_delta_3.0.csv,5,diff_ols,3,10,138.7508612278004,8.729671973581052,9.538461538461538,49.0,52.0
initial_value_5_samples_500_a_0.5_b_130_delta_3.0.csv,5,ols,3,12,300.70858379609615,12.900662393417448,11.066666666666666,31.0,45.0
initial_value_5_samples_500_a_0.5_b_130_delta_3.0.csv,5,diff_ols,3,12,164.73423798811538,9.94419822576331,11.066666666666666,45.0,45.0
initial_value_5_samples_500_a_0.5_b_130_delta_3.0.csv,5,ols,3,15,316.79349121911287,12.799305709430756,13.45945945945946,21.0,37.0
initial_value_5_samples_500_a_0.5_b_130_delta_3.0.csv,5,diff_ols,3,15,456.2510017047208,11.355535832324888,13.45945945945946,33.0,37.0
initial_value_5_samples_500_a_0.5_b_130_delta_3.0.csv,5,ols,4,8,217.63151816046764,11.107998130207982,7.873015873015873,41.0,63.0
initial_value_5_samples_500_a_0.5_b_130_delta_3.0.csv,5,diff_ols,4,8,206.79555617643007,9.650335431978037,7.873015873015873,62.0,63.0
initial_value_5_samples_500_a_0.5_b_130_delta_3.0.csv,5,ols,4,10,217.82346782221802,10.973138742086645,9.557692307692308,36.0,52.0
initial_value_5_samples_500_a_0.5_b_130_delta_3.0.csv,5,diff_ols,4,10,129.07453233290457,8.566291423515832,9.557692307692308,51.0,52.0
initial_value_5_samples_500_a_0.5_b_130_delta_3.0.csv,5,ols,4,12,277.83897721598237,12.355313819928602,11.295454545454545,27.0,44.0
initial_value_5_samples_500_a_0.5_b_130_delta_3.0.csv,5,diff_ols,4,12,206.31890830940077,10.763863696491933,11.295454545454545,42.0,44.0
initial_value_5_samples_500_a_0.5_b_130_delta_3.0.csv,5,ols,4,15,346.2635573320625,13.843209915302282,13.432432432432432,23.0,37.0
initial_value_5_samples_500_a_0.5_b_130_delta_3.0.csv,5,diff_ols,4,15,301.14242102425106,12.510302663459626,13.432432432432432,37.0,37.0
initial_value_5_samples_500_a_0.5_b_130_delta_3.0.csv,5,ols,5,8,194.03819250019836,10.88870307340978,7.873015873015873,45.0,63.0
initial_value_5_samples_500_a_0.5_b_130_delta_3.0.csv,5,diff_ols,5,8,250.7032014543485,9.838087425418772,7.873015873015873,63.0,63.0
initial_value_5_samples_500_a_0.5_b_130_delta_3.0.csv,5,ols,5,10,223.12280745508494,11.184209204239194,9.72549019607843,31.0,51.0
initial_value_5_samples_500_a_0.5_b_130_delta_3.0.csv,5,diff_ols,5,10,133.3312067572954,9.001648980303777,9.72549019607843,49.0,51.0
initial_value_5_samples_500_a_0.5_b_130_delta_3.0.csv,5,ols,5,12,282.7091991822223,12.8876211651671,11.534883720930232,29.0,43.0
initial_value_5_samples_500_a_0.5_b_130_delta_3.0.csv,5,diff_ols,5,12,323.5666034928327,11.280782767039302,11.534883720930232,41.0,43.0
initial_value_5_samples_500_a_0.5_b_130_delta_3.0.csv,5,ols,5,15,385.78415255007627,14.538424912170347,13.777777777777779,22.0,36.0
initial_value_5_samples_500_a_0.5_b_130_delta_3.0.csv,5,diff_ols,5,15,232.84606218365087,11.64586319351805,13.777777777777779,36.0,36.0
initial_value_5_samples_500_a_0.5_b_130_delta_5.0.csv,5,ols,3,8,431.9631995471397,15.721687374158638,7.323529411764706,48.0,68.0
initial_value_5_samples_500_a_0.5_b_130_delta_5.0.csv,5,diff_ols,3,8,460.27035206414587,14.429435862120899,7.323529411764706,66.0,68.0
initial_value_5_samples_500_a_0.5_b_130_delta_5.0.csv,5,ols,3,10,646.0377814442934,19.214614712347824,8.736842105263158,37.0,57.0
initial_value_5_samples_500_a_0.5_b_130_delta_5.0.csv,5,diff_ols,3,10,378.7443548104855,14.306200775280994,8.736842105263158,54.0,57.0
initial_value_5_samples_500_a_0.5_b_130_delta_5.0.csv,5,ols,3,12,665.2801278972473,19.787277486223022,10.375,37.0,48.0
initial_value_5_samples_500_a_0.5_b_130_delta_5.0.csv,5,diff_ols,3,12,368.77067237700527,14.698787676491703,10.375,44.0,48.0
initial_value_5_samples_500_a_0.5_b_130_delta_5.0.csv,5,ols,3,15,891.7062815776079,22.346689425691405,13.105263157894736,24.0,38.0
initial_value_5_samples_500_a_0.5_b_130_delta_5.0.csv,5,diff_ols,3,15,767.5304458387524,18.993343401802054,13.105263157894736,38.0,38.0
initial_value_5_samples_500_a_0.5_b_130_delta_5.0.csv,5,ols,4,8,596.1767155335551,18.916744660567428,7.765625,44.0,64.0
initial_value_5_samples_500_a_0.5_b_130_delta_5.0.csv,5,diff_ols,4,8,443.1226721083018,15.004534430498312,7.765625,62.0,64.0
initial_value_5_samples_500_a_0.5_b_130_delta_5.0.csv,5,ols,4,10,534.7674774520582,17.40851385301763,9.036363636363637,41.0,55.0
initial_value_5_samples_500_a_0.5_b_130_delta_5.0.csv,5,diff_ols,4,10,515.8897118945745,14.95522996244656,9.036363636363637,51.0,55.0
initial_value_5_samples_500_a_0.5_b_130_delta_5.0.csv,5,ols,4,12,682.3836813723117,20.253370744861673,10.574468085106384,30.0,47.0
initial_value_5_samples_500_a_0.5_b_130_delta_5.0.csv,5,diff_ols,4,12,515.8155325619146,16.628829498333356,10.574468085106384,45.0,47.0
initial_value_5_samples_500_a_0.5_b_130_delta_5.0.csv,5,ols,4,15,818.1821877444228,22.09452641237854,13.35135135135135,28.0,37.0
initial_value_5_samples_500_a_0.5_b_130_delta_5.0.csv,5,diff_ols,4,15,597.2090835365477,18.159480138023817,13.35135135135135,37.0,37.0
initial_value_5_samples_500_a_0.5_b_130_delta_5.0.csv,5,ols,5,8,539.3738892775215,17.314003121057333,7.857142857142857,40.0,63.0
initial_value_5_samples_500_a_0.5_b_130_delta_5.0.csv,5,diff_ols,5,8,472.90604537035506,15.15218287787849,7.857142857142857,62.0,63.0
initial_value_5_samples_500_a_0.5_b_130_delta_5.0.csv,5,ols,5,10,545.0765415487838,18.19548684201515,9.48076923076923,35.0,52.0
initial_value_5_samples_500_a_0.5_b_130_delta_5.0.csv,5,diff_ols,5,10,499.0595008516833,15.595130554656404,9.48076923076923,51.0,52.0
initial_value_5_samples_500_a_0.5_b_130_delta_5.0.csv,5,ols,5,12,678.8021564063904,19.851369120567686,10.782608695652174,34.0,46.0
initial_value_5_samples_500_a_0.5_b_130_delta_5.0.csv,5,diff_ols,5,12,569.3242498115821,16.83530659459789,10.782608695652174,45.0,46.0
initial_value_5_samples_500_a_0.5_b_130_delta_5.0.csv,5,ols,5,15,976.5421681304769,23.23233192225911,13.405405405405405,26.0,37.0
initial_value_5_samples_500_a_0.5_b_130_delta_5.0.csv,5,diff_ols,5,15,635.0523774060888,18.552531041040442,13.405405405405405,36.0,37.0
initial_value_5_samples_500_a_0.6_b_100.csv,5,ols,3,8,42.726195736089444,4.889228113660433,7.873015873015873,48.0,63.0
initial_value_5_samples_500_a_0.6_b_100.csv,5,diff_ols,3,8,27.887396916588365,3.8590287914831296,7.873015873015873,61.0,63.0
initial_value_5_samples_500_a_0.6_b_100.csv,5,ols,3,10,75.56751578254836,6.0185532682074845,9.764705882352942,39.0,51.0
initial_value_5_samples_500_a_0.6_b_100.csv,5,diff_ols,3,10,70.08632358197607,4.878788521878583,9.764705882352942,50.0,51.0
initial_value_5_samples_500_a_0.6_b_100.csv,5,ols,3,12,70.40136819175837,5.899875072559907,11.581395348837209,34.0,43.0
initial_value_5_samples_500_a_0.6_b_100.csv,5,diff_ols,3,12,39.17195389389437,4.7289252565269075,11.581395348837209,43.0,43.0
initial_value_5_samples_500_a_0.6_b_100.csv,5,ols,3,15,118.08520281708212,7.379633951503924,14.17142857142857,28.0,35.0
initial_value_5_samples_500_a_0.6_b_100.csv,5,diff_ols,3,15,45.43463213202867,5.225856040113187,14.17142857142857,35.0,35.0
initial_value_5_samples_500_a_0.6_b_100.csv,5,ols,4,8,55.973611494003066,5.3901241606264865,7.888888888888889,51.0,63.0
initial_value_5_samples_500_a_0.6_b_100.csv,5,diff_ols,4,8,33.801177461664416,4.187010850895471,7.888888888888889,61.0,63.0
initial_value_5_samples_500_a_0.6_b_100.csv,5,ols,4,10,59.544769783771876,5.55822433280897,9.745098039215685,38.0,51.0
initial_value_5_samples_500_a_0.6_b_100.csv,5,diff_ols,4,10,151.5657922584291,6.604909673834842,9.745098039215685,51.0,51.0
initial_value_5_samples_500_a_0.6_b_100.csv,5,ols,4,12,100.61475630274316,6.968809660451769,11.55813953488372,34.0,43.0
initial_value_5_samples_500_a_0.6_b_100.csv,5,diff_ols,4,12,51.27594899081796,5.271512221942815,11.55813953488372,43.0,43.0
initial_value_5_samples_500_a_0.6_b_100.csv,5,ols,4,15,83.77505873375158,6.673395922730721,14.2,30.0,35.0
initial_value_5_samples_500_a_0.6_b_100.csv,5,diff_ols,4,15,48.26265354697184,5.175034528316729,14.2,35.0,35.0
initial_value_5_samples_500_a_0.6_b_100.csv,5,ols,5,8,44.32198671022016,4.845855045950367,7.951612903225806,49.0,62.0
initial_value_5_samples_500_a_0.6_b_100.csv,5,diff_ols,5,8,169.7673238032955,5.3455889380444574,7.951612903225806,62.0,62.0
initial_value_5_samples_500_a_0.6_b_100.csv,5,ols,5,10,57.419227732571656,5.7826094613960555,9.86,40.0,50.0
initial_value_5_samples_500_a_0.6_b_100.csv,5,diff_ols,5,10,24.66776832874209,3.6815859012606973,9.86,48.0,50.0
initial_value_5_samples_500_a_0.6_b_100.csv,5,ols,5,12,60.730350288921294,5.806898751099168,11.738095238095237,35.0,42.0
initial_value_5_samples_500_a_0.6_b_100.csv,5,diff_ols,5,12,36.840157501158345,4.623141532561038,11.738095238095237,42.0,42.0
initial_value_5_samples_500_a_0.6_b_100.csv,5,ols,5,15,84.05030992151244,6.218716648886648,14.17142857142857,30.0,35.0
initial_value_5_samples_500_a_0.6_b_100.csv,5,diff_ols,5,15,43.056470984838526,4.832116541164151,14.17142857142857,35.0,35.0
initial_value_5_samples_500_a_0.6_b_90_delta_1.5.csv,5,ols,3,8,31.891168113419983,4.278630329646621,7.78125,49.0,64.0
initial_value_5_samples_500_a_0.6_b_90_delta_1.5.csv,5,diff_ols,3,8,16.808906071200347,3.1945674165902314,7.78125,63.0,64.0
initial_value_5_samples_500_a_0.6_b_90_delta_1.5.csv,5,ols,3,10,38.327512976954,4.71257175578384,9.764705882352942,45.0,51.0
initial_value_5_samples_500_a_0.6_b_90_delta_1.5.csv,5,diff_ols,3,10,19.429068520882808,3.438430494043222,9.764705882352942,51.0,51.0
initial_value_5_samples_500_a_0.6_b_90_delta_1.5.csv,5,ols,3,12,50.365184562820225,5.322165615656148,11.581395348837209,36.0,43.0
initial_value_5_samples_500_a_0.6_b_90_delta_1.5.csv,5,diff_ols,3,12,31.328823109538348,4.277791780973285,11.581395348837209,43.0,43.0
initial_value_5_samples_500_a_0.6_b_90_delta_1.5.csv,5,ols,3,15,58.97622161894597,6.018806909211182,13.833333333333334,30.0,36.0
initial_value_5_samples_500_a_0.6_b_90_delta_1.5.csv,5,diff_ols,3,15,27.32131928706228,3.982891250773409,13.833333333333334,36.0,36.0
initial_value_5_samples_500_a_0.6_b_90_delta_1.5.csv,5,ols,4,8,35.516719649211446,4.27055556038229,7.888888888888889,53.0,63.0
initial_value_5_samples_500_a_0.6_b_90_delta_1.5.csv,5,diff_ols,4,8,86.70445324408163,4.29791902234483,7.888888888888889,63.0,63.0
initial_value_5_samples_500_a_0.6_b_90_delta_1.5.csv,5,ols,4,10,46.85028449179614,4.90856048601404,9.745098039215685,43.0,51.0
initial_value_5_samples_500_a_0.6_b_90_delta_1.5.csv,5,diff_ols,4,10,23.308468108789196,3.5655499928394354,9.745098039215685,50.0,51.0
initial_value_5_samples_500_a_0.6_b_90_delta_1.5.csv,5,ols,4,12,43.027701331927005,4.880973834200628,11.55813953488372,39.0,43.0
initial_value_5_samples_500_a_0.6_b_90_delta_1.5.csv,5,diff_ols,4,12,26.73072495360833,3.9678112532790397,11.55813953488372,43.0,43.0
initial_value_5_samples_500_a_0.6_b_90_delta_1.5.csv,5,ols,4,15,56.35969490994874,5.559216774624742,14.17142857142857,30.0,35.0
initial_value_5_samples_500_a_0.6_b_90_delta_1.5.csv,5,diff_ols,4,15,33.26044451637996,4.316983584223401,14.17142857142857,35.0,35.0
initial_value_5_samples_500_a_0.6_b_90_delta_1.5.csv,5,ols,5,8,31.04219638870847,4.27143660020875,7.935483870967742,50.0,62.0
initial_value_5_samples_500_a_0.6_b_90_delta_1.5.csv,5,diff_ols,5,8,80.00691291730033,4.11054751935703,7.935483870967742,61.0,62.0
initial_value_5_samples_500_a_0.6_b_90_delta_1.5.csv,5,ols,5,10,31.90641318556296,4.361992631273195,9.86,44.0,50.0
initial_value_5_samples_500_a_0.6_b_90_delta_1.5.csv,5,diff_ols,5,10,115.80760004609857,4.711705352273602,9.86,50.0,50.0
initial_value_5_samples_500_a_0.6_b_90_delta_1.5.csv,5,ols,5,12,49.03943345993908,5.30946448656093,11.761904761904763,34.0,42.0
initial_value_5_samples_500_a_0.6_b_90_delta_1.5.csv,5,diff_ols,5,12,26.89981333897652,4.12347876767547,11.761904761904763,42.0,42.0
initial_value_5_samples_500_a_0.6_b_90_delta_1.5.csv,5,ols,5,15,61.745262117740616,5.870546720248934,14.17142857142857,30.0,35.0
initial_value_5_samples_500_a_0.6_b_90_delta_1.5.csv,5,diff_ols,5,15,29.627206118646637,4.219917363999195,14.17142857142857,35.0,35.0
initial_value_5_samples_500_a_0.8_b_100.csv,5,ols,3,8,0.956078334457256,0.5655966537827808,7.888888888888889,37.0,63.0
initial_value_5_samples_500_a_0.8_b_100.csv,5,diff_ols,3,8,3.0381902697873917,0.927305241411589,7.888888888888889,56.0,63.0
initial_value_5_samples_500_a_0.8_b_100.csv,5,ols,3,10,1.7890011427354655,0.704611053137892,9.764705882352942,29.0,51.0
initial_value_5_samples_500_a_0.8_b_100.csv,5,diff_ols,3,10,4.271940859010678,1.092189110314841,9.764705882352942,47.0,51.0
initial_value_5_samples_500_a_0.8_b_100.csv,5,ols,3,12,1.9793398327018827,0.7349017301171553,11.581395348837209,27.0,43.0
initial_value_5_samples_500_a_0.8_b_100.csv,5,diff_ols,3,12,6.105809269839327,1.3111163393392196,11.581395348837209,39.0,43.0
initial_value_5_samples_500_a_0.8_b_100.csv,5,ols,3,15,4.516659269103569,1.077648814530228,14.228571428571428,25.0,35.0
initial_value_5_samples_500_a_0.8_b_100.csv,5,diff_ols,3,15,8.66135283602426,1.5443831411327158,14.228571428571428,32.0,35.0
initial_value_5_samples_500_a_0.8_b_100.csv,5,ols,4,8,1.0965529137348415,0.5741376103629402,7.888888888888889,39.0,63.0
initial_value_5_samples_500_a_0.8_b_100.csv,5,diff_ols,4,8,3.0997749837540707,0.9514453923809275,7.888888888888889,55.0,63.0
initial_value_5_samples_500_a_0.8_b_100.csv,5,ols,4,10,1.4011245406173396,0.6672339577587594,9.745098039215685,34.0,51.0
initial_value_5_samples_500_a_0.8_b_100.csv,5,diff_ols,4,10,4.311364055209021,1.096229577259897,9.745098039215685,49.0,51.0
initial_value_5_samples_500_a_0.8_b_100.csv,5,ols,4,12,2.54338198714291,0.8734251649391993,11.55813953488372,29.0,43.0
initial_value_5_samples_500_a_0.8_b_100.csv,5,diff_ols,4,12,5.962854738356458,1.2917622846635721,11.55813953488372,39.0,43.0
initial_value_5_samples_500_a_0.8_b_100.csv,5,ols,4,15,3.035802007502071,0.9469615282816358,14.558823529411764,22.0,34.0
initial_value_5_samples_500_a_0.8_b_100.csv,5,diff_ols,4,15,8.825012481114323,1.5588839130958725,14.558823529411764,34.0,34.0
initial_value_5_samples_500_a_0.8_b_100.csv,5,ols,5,8,1.221437908050175,0.5947199968425672,7.935483870967742,38.0,62.0
initial_value_5_samples_500_a_0.8_b_100.csv,5,diff_ols,5,8,7.487891795911224,1.1198255417303329,7.935483870967742,53.0,62.0
initial_value_5_samples_500_a_0.8_b_100.csv,5,ols,5,10,1.6446743681024416,0.723256208340877,9.88,36.0,50.0
initial_value_5_samples_500_a_0.8_b_100.csv,5,diff_ols,5,10,4.509646241450802,1.1448121630863626,9.88,46.0,50.0
initial_value_5_samples_500_a_0.8_b_100.csv,5,ols,5,12,2.9168224787765125,0.935236832572012,11.785714285714286,29.0,42.0
initial_value_5_samples_500_a_0.8_b_100.csv,5,diff_ols,5,12,5.7768580177343605,1.2661620641410891,11.785714285714286,38.0,42.0
initial_value_5_samples_500_a_0.8_b_100.csv,5,ols,5,15,3.4939116500174525,1.0406050054332243,14.588235294117647,26.0,34.0
initial_value_5_samples_500_a_0.8_b_100.csv,5,diff_ols,5,15,8.516100515800678,1.4930844397251286,14.588235294117647,32.0,34.0
initial_value_5_samples_500_a_0.8_b_80_delta_0.3.csv,5,ols,3,8,1.4448509848302074,0.8817662229811968,7.78125,48.0,64.0
initial_value_5_samples_500_a_0.8_b_80_delta_0.3.csv,5,diff_ols,3,8,2.956630158773167,1.1510495489868136,7.78125,60.0,64.0
initial_value_5_samples_500_a_0.8_b_80_delta_0.3.csv,5,ols,3,10,2.2205823923562535,1.1317714776827679,9.764705882352942,39.0,51.0
initial_value_5_samples_500_a_0.8_b_80_delta_0.3.csv,5,diff_ols,3,10,4.658765444770164,1.3425149656457955,9.764705882352942,49.0,51.0
initial_value_5_samples_500_a_0.8_b_80_delta_0.3.csv,5,ols,3,12,2.17124005679468,1.1221090863971257,11.581395348837209,31.0,43.0
initial_value_5_samples_500_a_0.8_b_80_delta_0.3.csv,5,diff_ols,3,12,10.890692159290317,1.69473585922386,11.581395348837209,43.0,43.0
initial_value_5_samples_500_a_0.8_b_80_delta_0.3.csv,5,ols,3,15,4.09329627478342,1.5296724422112868,14.228571428571428,28.0,35.0
initial_value_5_samples_500_a_0.8_b_80_delta_0.3.csv,5,diff_ols,3,15,7.177696528300696,1.6817873818349958,14.228571428571428,33.0,35.0
initial_value_5_samples_500_a_0.8_b_80_delta_0.3.csv,5,ols,4,8,1.51625235426884,0.9862707809046252,7.888888888888889,48.0,63.0
initial_value_5_samples_500_a_0.8_b_80_delta_0.3.csv,5,diff_ols,4,8,2.632730725275937,1.1201279904217625,7.888888888888889,60.0,63.0
initial_value_5_samples_500_a_0.8_b_80_delta_0.3.csv,5,ols,4,10,1.8085358178864062,1.07419292437679,9.745098039215685,43.0,51.0
initial_value_5_samples_500_a_0.8_b_80_delta_0.3.csv,5,diff_ols,4,10,3.832519722685947,1.282893572297444,9.745098039215685,50.0,51.0
initial_value_5_samples_500_a_0.8_b_80_delta_0.3.csv,5,ols,4,12,2.1688083517784253,1.0988942154254664,11.55813953488372,36.0,43.0
initial_value_5_samples_500_a_0.8_b_80_delta_0.3.csv,5,diff_ols,4,12,4.780244636716592,1.4204357720039171,11.55813953488372,43.0,43.0
initial_value_5_samples_500_a_0.8_b_80_delta_0.3.csv,5,ols,4,15,2.785282193529426,1.2162465872674608,14.529411764705882,25.0,34.0
initial_value_5_samples_500_a_0.8_b_80_delta_0.3.csv,5,diff_ols,4,15,6.410221133223892,1.5666754079976626,14.529411764705882,34.0,34.0
initial_value_5_samples_500_a_0.8_b_80_delta_0.3.csv,5,ols,5,8,1.1700038394126109,0.7880773031305495,7.935483870967742,44.0,62.0
initial_value_5_samples_500_a_0.8_b_80_delta_0.3.csv,5,diff_ols,5,8,4.78316556164329,1.1919796911389224,7.935483870967742,58.0,62.0
initial_value_5_samples_500_a_0.8_b_80_delta_0.3.csv,5,ols,5,10,1.6781062301310268,1.0250577877605025,9.86,42.0,50.0
initial_value_5_samples_500_a_0.8_b_80_delta_0.3.csv,5,diff_ols,5,10,3.6372185648293764,1.283161377695975,9.86,48.0,50.0
initial_value_5_samples_500_a_0.8_b_80_delta_0.3.csv,5,ols,5,12,2.9891546005149383,1.3182691004466947,11.785714285714286,34.0,42.0
initial_value_5_samples_500_a_0.8_b_80_delta_0.3.csv,5,diff_ols,5,12,4.739843948350851,1.3827528522578447,11.785714285714286,41.0,42.0
initial_value_5_samples_500_a_0.8_b_80_delta_0.3.csv,5,ols,5,15,3.389420400749721,1.3981529063905278,14.588235294117647,29.0,34.0
initial_value_5_samples_500_a_0.8_b_80_delta_0.3.csv,5,diff_ols,5,15,6.770841092987385,1.6611201023766253,14.588235294117647,34.0,34.0
initial_value_5_samples_500_a_1.0_b_80.csv,5,ols,3,8,1.1323059786552676,0.7739596899683465,7.873015873015873,50.0,63.0
initial_value_5_samples_500_a_1.0_b_80.csv,5,diff_ols,3,8,2.5933525998766296,0.9297425150891613,7.873015873015873,57.0,63.0
initial_value_5_samples_500_a_1.0_b_80.csv,5,ols,3,10,1.7737779772808733,0.931395679375523,9.764705882352942,40.0,51.0
initial_value_5_samples_500_a_1.0_b_80.csv,5,diff_ols,3,10,3.631674949039245,1.0391976021790805,9.764705882352942,47.0,51.0
initial_value_5_samples_500_a_1.0_b_80.csv,5,ols,3,12,2.2610644303146197,1.037125870636476,11.581395348837209,35.0,43.0
initial_value_5_samples_500_a_1.0_b_80.csv,5,diff_ols,3,12,5.11881449026813,1.2239312364764665,11.581395348837209,38.0,43.0
initial_value_5_samples_500_a_1.0_b_80.csv,5,ols,3,15,3.904615460221662,1.2130019791781494,14.228571428571428,27.0,35.0
initial_value_5_samples_500_a_1.0_b_80.csv,5,diff_ols,3,15,7.177347191981343,1.4335333120973432,14.228571428571428,32.0,35.0
initial_value_5_samples_500_a_1.0_b_80.csv,5,ols,4,8,1.1227632820995488,0.7180982996012989,7.888888888888889,46.0,63.0
initial_value_5_samples_500_a_1.0_b_80.csv,5,diff_ols,4,8,2.6107881087857456,0.9031633380544399,7.888888888888889,58.0,63.0
initial_value_5_samples_500_a_1.0_b_80.csv,5,ols,4,10,1.36032595045043,0.8024999017210639,9.745098039215685,40.0,51.0
initial_value_5_samples_500_a_1.0_b_80.csv,5,diff_ols,4,10,3.6638359077803693,1.059706224186415,9.745098039215685,46.0,51.0
initial_value_5_samples_500_a_1.0_b_80.csv,5,ols,4,12,2.45200944735853,1.052075631676757,11.55813953488372,33.0,43.0
initial_value_5_samples_500_a_1.0_b_80.csv,5,diff_ols,4,12,4.974642899038628,1.2144600410924236,11.55813953488372,41.0,43.0
initial_value_5_samples_500_a_1.0_b_80.csv,5,ols,4,15,3.820444381141268,1.1690266536234226,14.529411764705882,28.0,34.0
initial_value_5_samples_500_a_1.0_b_80.csv,5,diff_ols,4,15,6.883899797873968,1.3875927883114998,14.529411764705882,33.0,34.0
initial_value_5_samples_500_a_1.0_b_80.csv,5,ols,5,8,1.0218313633102263,0.7656757777849095,7.935483870967742,52.0,62.0
initial_value_5_samples_500_a_1.0_b_80.csv,5,diff_ols,5,8,2.6487898361148234,0.9351165162568169,7.935483870967742,55.0,62.0
initial_value_5_samples_500_a_1.0_b_80.csv,5,ols,5,10,1.6680070075431879,0.8848070513699368,9.88,37.0,50.0
initial_value_5_samples_500_a_1.0_b_80.csv,5,diff_ols,5,10,3.6057045427894177,1.0333856772666552,9.88,42.0,50.0
initial_value_5_samples_500_a_1.0_b_80.csv,5,ols,5,12,2.185529445439349,0.8930163965686461,11.785714285714286,32.0,42.0
initial_value_5_samples_500_a_1.0_b_80.csv,5,diff_ols,5,12,4.711886176589337,1.1777131799305742,11.785714285714286,36.0,42.0
initial_value_5_samples_500_a_1.0_b_80.csv,5,ols,5,15,2.9656004728627106,1.1217333960475773,14.588235294117647,27.0,34.0
initial_value_5_samples_500_a_1.0_b_80.csv,5,diff_ols,5,15,7.057138727261989,1.397818885279411,14.588235294117647,31.0,34.0
initial_value_80_samples_500.csv,80,ols,3,8,14.490644529390126,2.806290787119984,6.72972972972973,64.0,74.0
initial_value_80_samples_500.csv,80,diff_ols,3,8,8.419351068046224,2.290010726788582,6.72972972972973,70.0,74.0
initial_value_80_samples_500.csv,80,ols,3,10,17.774182388089734,3.174778181693683,8.3,49.0,60.0
initial_value_80_samples_500.csv,80,diff_ols,3,10,9.14023593184492,2.3534149313176935,8.3,60.0,60.0
initial_value_80_samples_500.csv,80,ols,3,12,19.212746162574167,3.3422825241268663,9.764705882352942,46.0,51.0
initial_value_80_samples_500.csv,80,diff_ols,3,12,10.671954953342365,2.5767600679371756,9.764705882352942,51.0,51.0
initial_value_80_samples_500.csv,80,ols,3,15,25.494980049580338,3.963378995900611,12.146341463414634,37.0,41.0
initial_value_80_samples_500.csv,80,diff_ols,3,15,12.671008215690625,2.8764043167402185,12.146341463414634,41.0,41.0
initial_value_80_samples_500.csv,80,ols,4,8,16.94915471710639,3.0685415772842433,7.188405797101449,54.0,69.0
initial_value_80_samples_500.csv,80,diff_ols,4,8,9.233522258011519,2.386844335006752,7.188405797101449,69.0,69.0
initial_value_80_samples_500.csv,80,ols,4,10,19.27398918391997,3.3376331987523953,8.568965517241379,50.0,58.0
initial_value_80_samples_500.csv,80,diff_ols,4,10,10.878672971383264,2.5541160085910266,8.568965517241379,58.0,58.0
initial_value_80_samples_500.csv,80,ols,4,12,26.991638962336687,3.8977749018462817,10.10204081632653,44.0,49.0
initial_value_80_samples_500.csv,80,diff_ols,4,12,15.427797469298458,3.0493912306532884,10.10204081632653,49.0,49.0
initial_value_80_samples_500.csv,80,ols,4,15,22.63301966905314,3.6423027647994872,12.425,38.0,40.0
initial_value_80_samples_500.csv,80,diff_ols,4,15,12.14758348954658,2.780313352159321,12.425,39.0,40.0
initial_value_80_samples_500.csv,80,ols,5,8,14.433917269684951,2.9231681935618936,7.454545454545454,59.0,66.0
initial_value_80_samples_500.csv,80,diff_ols,5,8,13.081288259655656,2.687867027481063,7.454545454545454,64.0,66.0
initial_value_80_samples_500.csv,80,ols,5,10,20.489442048648694,3.4358929788212644,8.803571428571429,51.0,56.0
initial_value_80_samples_500.csv,80,diff_ols,5,10,11.980409067149571,2.699794012641157,8.803571428571429,56.0,56.0
initial_value_80_samples_500.csv,80,ols,5,12,21.05280845843875,3.512798348433997,10.333333333333334,45.0,48.0
initial_value_80_samples_500.csv,80,diff_ols,5,12,11.202958022134633,2.6479386099871465,10.333333333333334,48.0,48.0
initial_value_80_samples_500.csv,80,ols,5,15,25.4452019641607,3.9029697090268813,12.717948717948717,36.0,39.0
initial_value_80_samples_500.csv,80,diff_ols,5,15,13.075891352632485,2.7653437449392033,12.717948717948717,38.0,39.0
initial_value_80_samples_500_a_0.1_b_100_delta_0.5.csv,80,ols,3,8,3.0024814732891247,1.336257849932037,7.217391304347826,65.0,69.0
initial_value_80_samples_500_a_0.1_b_100_delta_0.5.csv,80,diff_ols,3,8,2.0924595222772906,1.0992358330319614,7.217391304347826,66.0,69.0
initial_value_80_samples_500_a_0.1_b_100_delta_0.5.csv,80,ols,3,10,3.4093880614796594,1.415383435185565,8.719298245614034,55.0,57.0
initial_value_80_samples_500_a_0.1_b_100_delta_0.5.csv,80,diff_ols,3,10,3.3506383291084103,1.2947847699723818,8.719298245614034,57.0,57.0
initial_value_80_samples_500_a_0.1_b_100_delta_0.5.csv,80,ols,3,12,5.241340958235732,1.69983360322506,10.333333333333334,45.0,48.0
initial_value_80_samples_500_a_0.1_b_100_delta_0.5.csv,80,diff_ols,3,12,3.400476196432532,1.3418477592861136,10.333333333333334,47.0,48.0
initial_value_80_samples_500_a_0.1_b_100_delta_0.5.csv,80,ols,3,15,8.341288086732066,2.0978770426099227,12.76923076923077,36.0,39.0
initial_value_80_samples_500_a_0.1_b_100_delta_0.5.csv,80,diff_ols,3,15,3.3507278113515295,1.4032439839118696,12.76923076923077,39.0,39.0
initial_value_80_samples_500_a_0.1_b_100_delta_0.5.csv,80,ols,4,8,3.6496766486795718,1.4388869565125912,7.53030303030303,58.0,66.0
initial_value_80_samples_500_a_0.1_b_100_delta_0.5.csv,80,diff_ols,4,8,2.966281854490136,1.2670767770465536,7.53030303030303,64.0,66.0
initial_value_80_samples_500_a_0.1_b_100_delta_0.5.csv,80,ols,4,10,3.9285064377278993,1.4820274891163492,9.036363636363637,50.0,55.0
initial_value_80_samples_500_a_0.1_b_100_delta_0.5.csv,80,diff_ols,4,10,2.653254271242866,1.2371314179441655,9.036363636363637,53.0,55.0
initial_value_80_samples_500_a_0.1_b_100_delta_0.5.csv,80,ols,4,12,4.026596978549351,1.4673009643153863,10.354166666666666,45.0,48.0
initial_value_80_samples_500_a_0.1_b_100_delta_0.5.csv,80,diff_ols,4,12,5.472196811660871,1.6547212342050002,10.354166666666666,47.0,48.0
initial_value_80_samples_500_a_0.1_b_100_delta_0.5.csv,80,ols,4,15,7.005513381325386,1.9336928287446808,13.078947368421053,37.0,38.0
initial_value_80_samples_500_a_0.1_b_100_delta_0.5.csv,80,diff_ols,4,15,4.92927325824159,1.6361306282123025,13.078947368421053,38.0,38.0
initial_value_80_samples_500_a_0.1_b_100_delta_0.5.csv,80,ols,5,8,3.5981403195893704,1.37773412542348,7.630769230769231,57.0,65.0
initial_value_80_samples_500_a_0.1_b_100_delta_0.5.csv,80,diff_ols,5,8,2.427680996478911,1.1718317878068103,7.630769230769231,64.0,65.0
initial_value_80_samples_500_a_0.1_b_100_delta_0.5.csv,80,ols,5,10,3.717213458073594,1.381046924371523,9.185185185185185,48.0,54.0
initial_value_80_samples_500_a_0.1_b_100_delta_0.5.csv,80,diff_ols,5,10,2.673483304615011,1.230282766791219,9.185185185185185,53.0,54.0
initial_value_80_samples_500_a_0.1_b_100_delta_0.5.csv,80,ols,5,12,5.959883285291058,1.8443223802561115,10.782608695652174,42.0,46.0
initial_value_80_samples_500_a_0.1_b_100_delta_0.5.csv,80,diff_ols,5,12,4.580629954081597,1.5119820468359382,10.782608695652174,46.0,46.0
initial_value_80_samples_500_a_0.1_b_100_delta_0.5.csv,80,ols,5,15,5.637046560234338,1.8424060607388015,13.324324324324325,36.0,37.0
initial_value_80_samples_500_a_0.1_b_100_delta_0.5.csv,80,diff_ols,5,15,3.910497520627652,1.547121633331203,13.324324324324325,37.0,37.0
initial_value_80_samples_500_a_0.2_b_150_delta_2.0.csv,80,ols,3,8,46.8718471387622,5.39006330516246,6.72972972972973,63.0,74.0
initial_value_80_samples_500_a_0.2_b_150_delta_2.0.csv,80,diff_ols,3,8,26.527537778208533,3.8177555135513237,6.72972972972973,69.0,74.0
initial_value_80_samples_500_a_0.2_b_150_delta_2.0.csv,80,ols,3,10,61.62934360467805,5.912984098568994,8.3,48.0,60.0
initial_value_80_samples_500_a_0.2_b_150_delta_2.0.csv,80,diff_ols,3,10,44.90164945009869,4.80193159416772,8.3,60.0,60.0
initial_value_80_samples_500_a_0.2_b_150_delta_2.0.csv,80,ols,3,12,64.89486256216709,6.0560227590444775,9.764705882352942,42.0,51.0
initial_value_80_samples_500_a_0.2_b_150_delta_2.0.csv,80,diff_ols,3,12,36.69323482178782,4.657368231805927,9.764705882352942,51.0,51.0
initial_value_80_samples_500_a_0.2_b_150_delta_2.0.csv,80,ols,3,15,89.39501418364999,6.847993445368393,11.857142857142858,33.0,42.0
initial_value_80_samples_500_a_0.2_b_150_delta_2.0.csv,80,diff_ols,3,15,36.859234070218236,4.534024820317954,11.857142857142858,41.0,42.0
initial_value_80_samples_500_a_0.2_b_150_delta_2.0.csv,80,ols,4,8,47.48958549722291,5.51199109743961,6.985915492957746,62.0,71.0
initial_value_80_samples_500_a_0.2_b_150_delta_2.0.csv,80,diff_ols,4,8,32.611037273274896,4.303465844067265,6.985915492957746,71.0,71.0
initial_value_80_samples_500_a_0.2_b_150_delta_2.0.csv,80,ols,4,10,52.932086686183915,5.515868170762057,8.568965517241379,48.0,58.0
initial_value_80_samples_500_a_0.2_b_150_delta_2.0.csv,80,diff_ols,4,10,40.833402736735664,4.73789603249809,8.568965517241379,58.0,58.0
initial_value_80_samples_500_a_0.2_b_150_delta_2.0.csv,80,ols,4,12,57.24202663062643,5.609514513890779,10.142857142857142,41.0,49.0
initial_value_80_samples_500_a_0.2_b_150_delta_2.0.csv,80,diff_ols,4,12,36.28829880178345,4.539201345559387,10.142857142857142,49.0,49.0
initial_value_80_samples_500_a_0.2_b_150_delta_2.0.csv,80,ols,4,15,105.20928621032306,7.614601072010477,12.425,36.0,40.0
initial_value_80_samples_500_a_0.2_b_150_delta_2.0.csv,80,diff_ols,4,15,45.141635803542904,5.049009871092053,12.425,40.0,40.0
initial_value_80_samples_500_a_0.2_b_150_delta_2.0.csv,80,ols,5,8,49.21376587776916,5.3143966057870475,7.402985074626866,54.0,67.0
initial_value_80_samples_500_a_0.2_b_150_delta_2.0.csv,80,diff_ols,5,8,21.69601885213269,3.6476397146635335,7.402985074626866,66.0,67.0
initial_value_80_samples_500_a_0.2_b_150_delta_2.0.csv,80,ols,5,10,52.5025422967594,5.561919459218082,8.701754385964913,49.0,57.0
initial_value_80_samples_500_a_0.2_b_150_delta_2.0.csv,80,diff_ols,5,10,36.68609757666897,4.422382100289368,8.701754385964913,57.0,57.0
initial_value_80_samples_500_a_0.2_b_150_delta_2.0.csv,80,ols,5,12,62.58733507542788,5.865092900855899,10.333333333333334,39.0,48.0
initial_value_80_samples_500_a_0.2_b_150_delta_2.0.csv,80,diff_ols,5,12,30.700759012976647,4.023112049789893,10.333333333333334,48.0,48.0
initial_value_80_samples_500_a_0.2_b_150_delta_2.0.csv,80,ols,5,15,90.01049429151126,7.107627116062818,12.717948717948717,37.0,39.0
initial_value_80_samples_500_a_0.2_b_150_delta_2.0.csv,80,diff_ols,5,15,58.96590149774127,5.1042542291762825,12.717948717948717,39.0,39.0
initial_value_80_samples_500_a_0.3_b_120_delta_1.0.csv,80,ols,3,8,25.11005079127558,3.8200738527681812,7.75,53.0,64.0
initial_value_80_samples_500_a_0.3_b_120_delta_1.0.csv,80,diff_ols,3,8,12.946509747363715,2.700546782915854,7.75,62.0,64.0
initial_value_80_samples_500_a_0.3_b_120_delta_1.0.csv,80,ols,3,10,32.6922037055943,4.38843691611145,9.39622641509434,46.0,53.0
initial_value_80_samples_500_a_0.3_b_120_delta_1.0.csv,80,diff_ols,3,10,20.155865349214118,3.2011135654961866,9.39622641509434,53.0,53.0
initial_value_80_samples_500_a_0.3_b_120_delta_1.0.csv,80,ols,3,12,42.78931350442256,5.10085016371182,11.066666666666666,44.0,45.0
initial_value_80_samples_500_a_0.3_b_120_delta_1.0.csv,80,diff_ols,3,12,22.69881832046804,3.5605778666216925,11.066666666666666,45.0,45.0
initial_value_80_samples_500_a_0.3_b_120_delta_1.0.csv,80,ols,3,15,34.1122365538562,4.457407380651951,13.45945945945946,35.0,37.0
initial_value_80_samples_500_a_0.3_b_120_delta_1.0.csv,80,diff_ols,3,15,23.076753680234493,3.8858000713397987,13.45945945945946,37.0,37.0
initial_value_80_samples_500_a_0.3_b_120_delta_1.0.csv,80,ols,4,8,27.283337162342047,3.9491723402974053,7.765625,58.0,64.0
initial_value_80_samples_500_a_0.3_b_120_delta_1.0.csv,80,diff_ols,4,8,28.22622725507259,3.2950370363845045,7.765625,64.0,64.0
initial_value_80_samples_500_a_0.3_b_120_delta_1.0.csv,80,ols,4,10,33.8529105123353,4.61929250899108,9.557692307692308,48.0,52.0
initial_value_80_samples_500_a_0.3_b_120_delta_1.0.csv,80,diff_ols,4,10,17.028294351991583,3.265729710690128,9.557692307692308,52.0,52.0
initial_value_80_samples_500_a_0.3_b_120_delta_1.0.csv,80,ols,4,12,36.28392895675285,4.797276930983544,11.272727272727273,41.0,44.0
initial_value_80_samples_500_a_0.3_b_120_delta_1.0.csv,80,diff_ols,4,12,21.26298942079236,3.373312815393303,11.272727272727273,44.0,44.0
initial_value_80_samples_500_a_0.3_b_120_delta_1.0.csv,80,ols,4,15,39.26192948940131,4.857278423057603,13.432432432432432,36.0,37.0
initial_value_80_samples_500_a_0.3_b_120_delta_1.0.csv,80,diff_ols,4,15,17.835615915543556,3.1798668166989454,13.432432432432432,37.0,37.0
initial_value_80_samples_500_a_0.3_b_120_delta_1.0.csv,80,ols,5,8,24.802053412364703,3.748339151104048,7.873015873015873,56.0,63.0
initial_value_80_samples_500_a_0.3_b_120_delta_1.0.csv,80,diff_ols,5,8,28.059237459828864,3.260503666917837,7.873015873015873,63.0,63.0
initial_value_80_samples_500_a_0.3_b_120_delta_1.0.csv,80,ols,5,10,29.323602153603066,4.092531576308361,9.72549019607843,45.0,51.0
initial_value_80_samples_500_a_0.3_b_120_delta_1.0.csv,80,diff_ols,5,10,58.53839308797327,3.967086805131328,9.72549019607843,51.0,51.0
initial_value_80_samples_500_a_0.3_b_120_delta_1.0.csv,80,ols,5,12,38.989162620445136,4.755655157986613,11.272727272727273,39.0,44.0
initial_value_80_samples_500_a_0.3_b_120_delta_1.0.csv,80,diff_ols,5,12,19.070476711985187,3.3849963927522753,11.272727272727273,44.0,44.0
initial_value_80_samples_500_a_0.3_b_120_delta_1.0.csv,80,ols,5,15,57.19663399094238,6.0087289061106235,13.777777777777779,33.0,36.0
initial_value_80_samples_500_a_0.3_b_120_delta_1.0.csv,80,diff_ols,5,15,22.21026947702005,3.5295199536808006,13.777777777777779,36.0,36.0
initial_value_80_samples_500_a_0.4_b_110_delta_0.1.csv,80,ols,3,8,0.1803103455585547,0.3154278784350632,7.888888888888889,43.0,63.0
initial_value_80_samples_500_a_0.4_b_110_delta_0.1.csv,80,diff_ols,3,8,0.26105516388739625,0.3801099464886739,7.888888888888889,52.0,63.0
initial_value_80_samples_500_a_0.4_b_110_delta_0.1.csv,80,ols,3,10,0.16679262727088867,0.3028558116059162,9.764705882352942,29.0,51.0
initial_value_80_samples_500_a_0.4_b_110_delta_0.1.csv,80,diff_ols,3,10,0.3450950826765745,0.44716851776612304,9.764705882352942,47.0,51.0
initial_value_80_samples_500_a_0.4_b_110_delta_0.1.csv,80,ols,3,12,0.19976691114942133,0.3331914706243136,11.581395348837209,28.0,43.0
initial_value_80_samples_500_a_0.4_b_110_delta_0.1.csv,80,diff_ols,3,12,0.49012481447854417,0.5230682910699138,11.581395348837209,40.0,43.0
initial_value_80_samples_500_a_0.4_b_110_delta_0.1.csv,80,ols,3,15,0.30028990912066544,0.4257176531103282,14.228571428571428,25.0,35.0
initial_value_80_samples_500_a_0.4_b_110_delta_0.1.csv,80,diff_ols,3,15,1.3542759009667893,0.629017392930604,14.228571428571428,32.0,35.0
initial_value_80_samples_500_a_0.4_b_110_delta_0.1.csv,80,ols,4,8,0.16915523935949364,0.31105345974848475,7.888888888888889,45.0,63.0
initial_value_80_samples_500_a_0.4_b_110_delta_0.1.csv,80,diff_ols,4,8,1.9056941146001547,0.4814593956334177,7.888888888888889,53.0,63.0
initial_value_80_samples_500_a_0.4_b_110_delta_0.1.csv,80,ols,4,10,0.27540713005801737,0.40371586355467914,9.745098039215685,39.0,51.0
initial_value_80_samples_500_a_0.4_b_110_delta_0.1.csv,80,diff_ols,4,10,0.37767084112857774,0.4541786120936837,9.745098039215685,45.0,51.0
initial_value_80_samples_500_a_0.4_b_110_delta_0.1.csv,80,ols,4,12,0.301668812751148,0.418163802085873,11.55813953488372,30.0,43.0
initial_value_80_samples_500_a_0.4_b_110_delta_0.1.csv,80,diff_ols,4,12,0.4617705985947635,0.4881861659372089,11.55813953488372,36.0,43.0
initial_value_80_samples_500_a_0.4_b_110_delta_0.1.csv,80,ols,4,15,0.3802905989226674,0.47188968253933816,14.558823529411764,25.0,34.0
initial_value_80_samples_500_a_0.4_b_110_delta_0.1.csv,80,diff_ols,4,15,0.7187347507218214,0.6107672520607434,14.558823529411764,31.0,34.0
initial_value_80_samples_500_a_0.4_b_110_delta_0.1.csv,80,ols,5,8,0.17496962903933366,0.3210254939209525,7.951612903225806,40.0,62.0
initial_value_80_samples_500_a_0.4_b_110_delta_0.1.csv,80,diff_ols,5,8,0.2620061520214295,0.3791393104299733,7.951612903225806,53.0,62.0
initial_value_80_samples_500_a_0.4_b_110_delta_0.1.csv,80,ols,5,10,0.21301752161320806,0.35962982026372164,9.88,34.0,50.0
initial_value_80_samples_500_a_0.4_b_110_delta_0.1.csv,80,diff_ols,5,10,0.33051991081936627,0.4120277116546262,9.88,40.0,50.0
initial_value_80_samples_500_a_0.4_b_110_delta_0.1.csv,80,ols,5,12,0.32522357617270525,0.42814084721325696,11.785714285714286,32.0,42.0
initial_value_80_samples_500_a_0.4_b_110_delta_0.1.csv,80,diff_ols,5,12,0.48616345210501427,0.5195100371689289,11.785714285714286,41.0,42.0
initial_value_80_samples_500_a_0.4_b_110_delta_0.1.csv,80,ols,5,15,0.33486548282784623,0.43988840978980764,14.588235294117647,22.0,34.0
initial_value_80_samples_500_a_0.4_b_110_delta_0.1.csv,80,diff_ols,5,15,0.6960634107674939,0.629353480014556,14.588235294117647,33.0,34.0
initial_value_80_samples_500_a_0.5_b_130_delta_3.0.csv,80,ols,3,8,222.2221713680449,11.056293413259738,6.902777777777778,50.0,72.0
initial_value_80_samples_500_a_0.5_b_130_delta_3.0.csv,80,diff_ols,3,8,132.50623397070322,8.576182458934193,6.902777777777778,70.0,72.0
initial_value_80_samples_500_a_0.5_b_130_delta_3.0.csv,80,ols,3,10,223.1691334804174,11.563786256274039,8.736842105263158,44.0,57.0
initial_value_80_samples_500_a_0.5_b_130_delta_3.0.csv,80,diff_ols,3,10,179.59140765087753,9.623096577787944,8.736842105263158,57.0,57.0
initial_value_80_samples_500_a_0.5_b_130_delta_3.0.csv,80,ols,3,12,241.63171328399693,11.591437495598965,10.553191489361701,39.0,47.0
initial_value_80_samples_500_a_0.5_b_130_delta_3.0.csv,80,diff_ols,3,12,118.9463461084383,8.578292368168025,10.553191489361701,46.0,47.0
initial_value_80_samples_500_a_0.5_b_130_delta_3.0.csv,80,ols,3,15,270.4290919080005,12.6636900878424,12.76923076923077,33.0,39.0
initial_value_80_samples_500_a_0.5_b_130_delta_3.0.csv,80,diff_ols,3,15,144.0259581086627,9.274143844327318,12.76923076923077,39.0,39.0
initial_value_80_samples_500_a_0.5_b_130_delta_3.0.csv,80,ols,4,8,151.9257771976751,9.529429410559908,7.159420289855072,48.0,69.0
initial_value_80_samples_500_a_0.5_b_130_delta_3.0.csv,80,diff_ols,4,8,93.91964018649581,7.465499767713448,7.159420289855072,67.0,69.0
initial_value_80_samples_500_a_0.5_b_130_delta_3.0.csv,80,ols,4,10,205.30557557048138,10.96392318580799,8.821428571428571,42.0,56.0
initial_value_80_samples_500_a_0.5_b_130_delta_3.0.csv,80,diff_ols,4,10,115.46438622503044,8.428243034221245,8.821428571428571,56.0,56.0
initial_value_80_samples_500_a_0.5_b_130_delta_3.0.csv,80,ols,4,12,290.18626228171763,12.860519650336316,10.574468085106384,40.0,47.0
initial_value_80_samples_500_a_0.5_b_130_delta_3.0.csv,80,diff_ols,4,12,159.581223163151,9.895382407349194,10.574468085106384,47.0,47.0
initial_value_80_samples_500_a_0.5_b_130_delta_3.0.csv,80,ols,4,15,444.04916514079383,15.909675157868113,13.026315789473685,32.0,38.0
initial_value_80_samples_500_a_0.5_b_130_delta_3.0.csv,80,diff_ols,4,15,223.70953012470525,11.016590378507594,13.026315789473685,36.0,38.0
initial_value_80_samples_500_a_0.5_b_130_delta_3.0.csv,80,ols,5,8,217.23142340351637,10.8881906792091,7.825396825396825,48.0,63.0
initial_value_80_samples_500_a_0.5_b_130_delta_3.0.csv,80,diff_ols,5,8,136.72076781165526,8.658711044249904,7.825396825396825,63.0,63.0
initial_value_80_samples_500_a_0.5_b_130_delta_3.0.csv,80,ols,5,10,218.3333287040794,11.325367519838995,8.857142857142858,45.0,56.0
initial_value_80_samples_500_a_0.5_b_130_delta_3.0.csv,80,diff_ols,5,10,171.08892223669852,9.52494301888469,8.857142857142858,56.0,56.0
initial_value_80_samples_500_a_0.5_b_130_delta_3.0.csv,80,ols,5,12,280.5138009836031,12.923966913060172,10.717391304347826,35.0,46.0
initial_value_80_samples_500_a_0.5_b_130_delta_3.0.csv,80,diff_ols,5,12,120.72272970443552,8.672747068475536,10.717391304347826,45.0,46.0
initial_value_80_samples_500_a_0.5_b_130_delta_3.0.csv,80,ols,5,15,403.08820340694075,15.521558376818836,13.405405405405405,29.0,37.0
initial_value_80_samples_500_a_0.5_b_130_delta_3.0.csv,80,diff_ols,5,15,152.70046303380636,9.588405704694267,13.405405405405405,37.0,37.0
initial_value_80_samples_500_a_0.6_b_90_delta_1.5.csv,80,ols,3,8,34.532852805890364,4.498561829952525,7.202898550724638,59.0,69.0
initial_value_80_samples_500_a_0.6_b_90_delta_1.5.csv,80,diff_ols,3,8,23.00460911537024,3.6999317204177107,7.202898550724638,68.0,69.0
initial_value_80_samples_500_a_0.6_b_90_delta_1.5.csv,80,ols,3,10,38.7523580032165,4.7184918553934,8.586206896551724,44.0,58.0
initial_value_80_samples_500_a_0.6_b_90_delta_1.5.csv,80,diff_ols,3,10,22.660483750358594,3.7593909344418797,8.586206896551724,58.0,58.0
initial_value_80_samples_500_a_0.6_b_90_delta_1.5.csv,80,ols,3,12,44.804050921553866,5.291717444708742,10.16326530612245,41.0,49.0
initial_value_80_samples_500_a_0.6_b_90_delta_1.5.csv,80,diff_ols,3,12,28.930214364778386,4.154090037347308,10.16326530612245,49.0,49.0
initial_value_80_samples_500_a_0.6_b_90_delta_1.5.csv,80,ols,3,15,52.55813609256179,5.667042821101561,12.45,37.0,40.0
initial_value_80_samples_500_a_0.6_b_90_delta_1.5.csv,80,diff_ols,3,15,34.49681035338923,4.646171154699873,12.45,40.0,40.0
initial_value_80_samples_500_a_0.6_b_90_delta_1.5.csv,80,ols,4,8,40.73317037217454,5.091219791040497,7.417910447761194,62.0,67.0
initial_value_80_samples_500_a_0.6_b_90_delta_1.5.csv,80,diff_ols,4,8,21.898591991111324,3.5290343972729197,7.417910447761194,65.0,67.0
initial_value_80_samples_500_a_0.6_b_90_delta_1.5.csv,80,ols,4,10,34.79526453735984,4.517792442287486,8.875,43.0,56.0
initial_value_80_samples_500_a_0.6_b_90_delta_1.5.csv,80,diff_ols,4,10,19.380277718545052,3.5196261298857316,8.875,55.0,56.0
initial_value_80_samples_500_a_0.6_b_90_delta_1.5.csv,80,ols,4,12,45.09759290547107,4.943127423992269,10.291666666666666,39.0,48.0
initial_value_80_samples_500_a_0.6_b_90_delta_1.5.csv,80,diff_ols,4,12,25.5074474906784,3.9733290713367477,10.291666666666666,47.0,48.0
initial_value_80_samples_500_a_0.6_b_90_delta_1.5.csv,80,ols,4,15,57.574788759979455,5.663905589645856,12.743589743589743,32.0,39.0
initial_value_80_samples_500_a_0.6_b_90_delta_1.5.csv,80,diff_ols,4,15,31.411860556694062,4.3420912128306695,12.743589743589743,37.0,39.0
initial_value_80_samples_500_a_0.6_b_90_delta_1.5.csv,80,ols,5,8,43.44420257069771,5.0774649555253815,7.630769230769231,58.0,65.0
initial_value_80_samples_500_a_0.6_b_90_delta_1.5.csv,80,diff_ols,5,8,26.66661904006504,4.004322744253358,7.630769230769231,65.0,65.0
initial_value_80_samples_500_a_0.6_b_90_delta_1.5.csv,80,ols,5,10,41.983631596331946,5.113849198970556,9.185185185185185,46.0,54.0
initial_value_80_samples_500_a_0.6_b_90_delta_1.5.csv,80,diff_ols,5,10,29.91478669049689,3.964391676318135,9.185185185185185,54.0,54.0
initial_value_80_samples_500_a_0.6_b_90_delta_1.5.csv,80,ols,5,12,49.37698865949117,5.200998723515419,10.53191489361702,37.0,47.0
initial_value_80_samples_500_a_0.6_b_90_delta_1.5.csv,80,diff_ols,5,12,28.736061097291227,4.042262827857563,10.53191489361702,47.0,47.0
initial_value_80_samples_500_a_0.6_b_90_delta_1.5.csv,80,ols,5,15,59.586975485309345,6.193931839823963,12.947368421052632,33.0,38.0
initial_value_80_samples_500_a_0.6_b_90_delta_1.5.csv,80,diff_ols,5,15,31.97424507515299,4.495695854701674,12.947368421052632,38.0,38.0
initial_value_80_samples_500_a_0.8_b_80_delta_0.3.csv,80,ols,3,8,1.4354746743586138,0.910608012612308,6.821917808219178,64.0,73.0
initial_value_80_samples_500_a_0.8_b_80_delta_0.3.csv,80,diff_ols,3,8,0.7319656649364861,0.6612787702381585,6.821917808219178,65.0,73.0
initial_value_80_samples_500_a_0.8_b_80_delta_0.3.csv,80,ols,3,10,1.8102501817214995,1.0369359348243594,8.586206896551724,53.0,58.0
initial_value_80_samples_500_a_0.8_b_80_delta_0.3.csv,80,diff_ols,3,10,0.9081315763461062,0.7542796760740913,8.586206896551724,56.0,58.0
initial_value_80_samples_500_a_0.8_b_80_delta_0.3.csv,80,ols,3,12,2.577544909271583,1.2108646400650713,9.96,48.0,50.0
initial_value_80_samples_500_a_0.8_b_80_delta_0.3.csv,80,diff_ols,3,12,0.9433671890627197,0.7519113928383437,9.96,49.0,50.0
initial_value_80_samples_500_a_0.8_b_80_delta_0.3.csv,80,ols,3,15,2.427100489657159,1.190250922262513,12.146341463414634,39.0,41.0
initial_value_80_samples_500_a_0.8_b_80_delta_0.3.csv,80,diff_ols,3,15,1.0336191885190025,0.7908142316766273,12.146341463414634,40.0,41.0
initial_value_80_samples_500_a_0.8_b_80_delta_0.3.csv,80,ols,4,8,1.4152189123447096,0.9008181980475778,6.902777777777778,63.0,72.0
initial_value_80_samples_500_a_0.8_b_80_delta_0.3.csv,80,diff_ols,4,8,0.7453513203072346,0.6723781877303676,6.902777777777778,64.0,72.0
initial_value_80_samples_500_a_0.8_b_80_delta_0.3.csv,80,ols,4,10,2.393996944196397,1.1857187160586546,8.719298245614034,52.0,57.0
initial_value_80_samples_500_a_0.8_b_80_delta_0.3.csv,80,diff_ols,4,10,0.9713105015080883,0.7554620717071729,8.719298245614034,53.0,57.0
initial_value_80_samples_500_a_0.8_b_80_delta_0.3.csv,80,ols,4,12,2.7962032244448216,1.26636443122855,10.354166666666666,42.0,48.0
initial_value_80_samples_500_a_0.8_b_80_delta_0.3.csv,80,diff_ols,4,12,0.9572969111286604,0.7671077830620552,10.354166666666666,46.0,48.0
initial_value_80_samples_500_a_0.8_b_80_delta_0.3.csv,80,ols,4,15,3.826980048215692,1.4866130832757738,12.425,37.0,40.0
initial_value_80_samples_500_a_0.8_b_80_delta_0.3.csv,80,diff_ols,4,15,1.5420442779946224,0.9679043161297755,12.425,40.0,40.0
initial_value_80_samples_500_a_0.8_b_80_delta_0.3.csv,80,ols,5,8,1.5316781077102357,0.9701625053765485,7.294117647058823,63.0,68.0
initial_value_80_samples_500_a_0.8_b_80_delta_0.3.csv,80,diff_ols,5,8,0.846104392762283,0.711551863726313,7.294117647058823,66.0,68.0
initial_value_80_samples_500_a_0.8_b_80_delta_0.3.csv,80,ols,5,10,1.7137452343831237,0.9845023990131053,8.839285714285714,50.0,56.0
initial_value_80_samples_500_a_0.8_b_80_delta_0.3.csv,80,diff_ols,5,10,0.8927046492685479,0.7151207325668681,8.839285714285714,51.0,56.0
initial_value_80_samples_500_a_0.8_b_80_delta_0.3.csv,80,ols,5,12,2.4357117569123345,1.1405193407933438,10.553191489361701,43.0,47.0
initial_value_80_samples_500_a_0.8_b_80_delta_0.3.csv,80,diff_ols,5,12,1.1275544938464228,0.8230727626693732,10.553191489361701,45.0,47.0
initial_value_80_samples_500_a_0.8_b_80_delta_0.3.csv,80,ols,5,15,2.155209795741373,1.0569069305831205,12.717948717948717,37.0,39.0
initial_value_80_samples_500_a_0.8_b_80_delta_0.3.csv,80,diff_ols,5,15,1.1355134988997764,0.8177645537463643,12.717948717948717,37.0,39.0
