time,value,index,predicted_value,stepwise_value
0.0,80.0,1,,
0.02,82.67697133049634,2,,
0.04,82.7035227354265,3,,
0.06,81.76316199516852,4,,
0.08,82.51488165463421,5,,
0.1,81.7946613266479,6,,
0.12,82.79700663420861,7,,
0.14,82.37021805706621,8,,
0.16,80.99322226007821,9,,
0.18,80.57951858494872,10,,
0.2,78.81542527659347,11,81.62412359016574,81.46442033477334
0.22,76.66546938769025,12,81.58863397785632,81.46442033477334
0.24,77.95186028326289,13,81.55314436554688,81.46442033477334
0.26,78.47173339411063,14,81.51765475323747,81.46442033477334
0.28,76.4832990479766,15,81.48216514092805,81.46442033477334
0.3,75.57665816290881,16,81.44667552861863,81.46442033477334
0.32,74.5404026828832,17,81.41118591630921,81.46442033477334
0.34,73.51711412332747,18,81.37569630399979,81.46442033477334
0.36,76.23210059482113,19,81.34020669169037,81.46442033477334
0.38,76.55484644269643,20,81.30471707938095,81.46442033477334
0.4,77.31972131270196,21,74.42943401931032,72.40628987098019
0.42,79.20398729318556,22,73.97984643079252,72.40628987098019
0.44,79.2111292339783,23,73.5302588422747,72.40628987098019
0.46,77.74807556178918,24,73.0806712537569,72.40628987098019
0.48,79.8647689379967,25,72.63108366523909,72.40628987098019
0.5,79.58902375876694,26,72.18149607672129,72.40628987098019
0.52,81.72031825584517,27,71.73190848820349,72.40628987098019
0.54,81.72143509670852,28,71.28232089968567,72.40628987098019
0.56,80.90886704751011,29,70.83273331116787,72.40628987098019
0.58,81.26487121598656,30,70.38314572265006,72.40628987098019
0.6,79.67928476934453,31,78.78255257076616,80.72812059923503
0.62,78.98027017411846,32,79.21490102153702,80.72812059923503
0.64,80.3509953952054,33,79.64724947230788,80.72812059923503
0.66,79.85095051408747,34,80.07959792307874,80.72812059923503
0.68,79.88129956358068,35,80.5119463738496,80.72812059923503
0.7,79.90824943283701,36,80.94429482462046,80.72812059923503
0.72,80.86393971717206,37,81.37664327539132,80.72812059923503
0.74,81.09885710723741,38,81.80899172616218,80.72812059923503
0.76,82.74925569372589,39,82.24134017693304,80.72812059923503
0.78,83.9181036250411,40,82.6736886277039,80.72812059923503
0.8,84.24310766495113,41,83.10603707847476,85.05160510694361
0.82,84.13152871262491,42,83.53838552924562,85.05160510694361
0.84,86.26680263305954,43,83.97073398001646,85.05160510694361
0.86,86.36367527997955,44,84.40308243078732,85.05160510694361
0.88,87.35111282368275,45,84.83543088155818,85.05160510694361
0.9,88.49997324662681,46,85.26777933232904,85.05160510694361
0.92,89.71946097659347,47,85.7001277830999,85.05160510694361
0.94,89.5603492096233,48,86.13247623387076,85.05160510694361
0.96,91.26870112758664,49,86.56482468464162,85.05160510694361
0.98,91.81480141585833,50,86.99717313541248,85.05160510694361
1.0,91.89353558357206,51,91.71853568902621,94.88717843254597
1.02,90.9341390958178,52,92.42267852091949,94.88717843254597
1.04,91.26513408001294,53,93.12682135281277,94.88717843254597
1.06,88.75924581970939,54,93.83096418470605,94.88717843254597
1.08,89.06873191602713,55,94.53510701659933,94.88717843254597
1.1,89.2046025748368,56,95.2392498484926,94.88717843254597
1.12,90.58402131954544,57,95.94339268038588,94.88717843254597
1.14,89.6963198610253,58,96.64753551227915,94.88717843254597
1.16,89.78517770121739,59,97.35167834417243,94.88717843254597
1.18,89.44218339743638,60,98.0558211760657,94.88717843254597
1.2,89.39522448066357,61,93.31305516106661,95.36716333267819
1.22,90.88691395328962,62,93.76952364364696,95.36716333267819
1.24,90.72057847964156,63,94.22599212622731,95.36716333267819
1.26,90.53259953388152,64,94.68246060880766,95.36716333267819
1.28,89.8408812664474,65,95.13892909138801,95.36716333267819
1.3,90.2967008551604,66,95.59539757396836,95.36716333267819
1.32,89.83747993965565,67,96.0518660565487,95.36716333267819
1.34,90.59173063548832,68,96.50833453912905,95.36716333267819
1.36,89.28418172903237,69,96.96480302170939,95.36716333267819
1.38,89.57366256257242,70,97.42127150428973,95.36716333267819
1.4,90.23949634883716,71,93.35118903267028,94.70093548202976
1.42,91.73589435445952,72,93.65113268808349,94.70093548202976
1.44,91.41881403879188,73,93.95107634349672,94.70093548202976
1.46,90.64851329213508,74,94.25101999890994,94.70093548202976
1.48,90.3249549830908,75,94.55096365432316,94.70093548202976
1.5,92.55000625626562,76,94.85090730973639,94.70093548202976
1.52,92.07754948650232,77,95.1508509651496,94.70093548202976
1.54,93.67983267054116,78,95.45079462056282,94.70093548202976
1.56,91.7171262432034,79,95.75073827597605,94.70093548202976
1.58,92.18855446152932,80,96.05068193138926,94.70093548202976
1.6,90.3469345238486,81,94.23420703356436,95.31786295947575
1.62,88.79402738343181,82,94.47501946154468,95.31786295947575
1.64,88.15461382740689,83,94.71583188952498,95.31786295947575
1.66,88.61000032018869,84,94.9566443175053,95.31786295947575
1.68,88.5494080354831,85,95.1974567454856,95.31786295947575
1.7,89.72010515489492,86,95.4382691734659,95.31786295947575
1.72,90.09922251681998,87,95.67908160144621,95.31786295947575
1.74,89.14713165427882,88,95.91989402942652,95.31786295947575
1.76,89.18095750838168,89,96.16070645740683,95.31786295947575
1.78,90.77319932895507,90,96.40151888538713,95.31786295947575
1.8,89.76145621756444,91,93.09244494522041,93.79940377421109
1.82,91.2228898566778,92,93.24954690721833,93.79940377421109
1.84,90.27670189794128,93,93.40664886921626,93.79940377421109
1.86,91.08837286682294,94,93.5637508312142,93.79940377421109
1.88,90.50001200111365,95,93.72085279321212,93.79940377421109
1.9,90.39473067349888,96,93.87795475521004,93.79940377421109
1.92,86.44894890911506,97,94.03505671720796,93.79940377421109
1.94,88.47841730313498,98,94.1921586792059,93.79940377421109
1.96,88.61871411027688,99,94.34926064120383,93.79940377421109
1.98,89.6913597613783,100,94.50636260320175,93.79940377421109
2.0,89.30047679703848,101,92.48127268182355,92.9867890602658
2.02,89.1408127763157,102,92.59360965481072,92.9867890602658
2.04,88.8809027922305,103,92.70594662779789,92.9867890602658
2.06,87.30653329763447,104,92.81828360078505,92.9867890602658
2.08,85.69172397552755,105,92.93062057377222,92.9867890602658
2.1,87.16692911395822,106,93.04295754675938,92.9867890602658
2.12,86.23118970726104,107,93.15529451974655,92.9867890602658
2.14,87.15574094217271,108,93.26763149273373,92.9867890602658
2.16,88.21733228815282,109,93.37996846572089,92.9867890602658
2.18,86.50137515299583,110,93.49230543870806,92.9867890602658
2.2,86.20699365114265,111,91.09401835198373,91.3959582706794
2.22,86.5095469196819,112,91.16111611169387,91.3959582706794
2.24,85.51399740222949,113,91.22821387140402,91.3959582706794
2.26,85.90783888715715,114,91.29531163111417,91.3959582706794
2.28,85.7617282155553,115,91.36240939082431,91.3959582706794
2.3,85.5313544891818,116,91.42950715053446,91.3959582706794
2.32,88.47523836888537,117,91.49660491024461,91.3959582706794
2.34,85.73701688813532,118,91.56370266995476,91.3959582706794
2.36,83.6436578874725,119,91.6308004296649,91.3959582706794
2.38,82.92243154258895,120,91.69789818937505,91.3959582706794
2.4,81.53503034027423,121,89.37348576396202,89.50236399232108
2.42,80.65877860923041,122,89.40212537026405,89.50236399232108
2.44,82.36207820083584,123,89.43076497656605,89.50236399232108
2.46,81.60628003841934,124,89.45940458286806,89.50236399232108
2.48,80.35540338128449,125,89.48804418917007,89.50236399232108
2.5,79.31049046028336,126,89.51668379547208,89.50236399232108
2.52,80.51999435675079,127,89.54532340177408,89.50236399232108
2.54,83.07039392299602,128,89.5739630080761,89.50236399232108
2.56,83.24212540828434,129,89.60260261437811,89.50236399232108
2.58,81.67762379650884,130,89.63124222068012,89.50236399232108
2.6,82.42989630529776,131,82.32700510245232,83.28809860863285
2.62,80.30702801926031,132,82.5405814371591,83.28809860863285
2.64,82.17688692395897,133,82.75415777186589,83.28809860863285
2.66,82.8279517039876,134,82.96773410657268,83.28809860863285
2.68,83.10279591781794,135,83.18131044127946,83.28809860863285
2.7,86.31891984156431,136,83.39488677598624,83.28809860863285
2.72,85.9461052164619,137,83.60846311069302,83.28809860863285
2.74,85.8143238370295,138,83.82203944539981,83.28809860863285
2.76,83.55655790298685,139,84.0356157801066,83.28809860863285
2.78,80.40052041796567,140,84.24919211481338,83.28809860863285
2.8,79.35813755267796,141,84.46276844952017,85.42386195570069
2.82,77.9138465591839,142,84.67634478422694,85.42386195570069
2.84,78.5335483211153,143,84.88992111893373,85.42386195570069
2.86,81.4016356681122,144,85.10349745364051,85.42386195570069
2.88,79.94978608606016,145,85.3170737883473,85.42386195570069
2.9,78.86096390012386,146,85.53065012305409,85.42386195570069
2.92,78.34265693003292,147,85.74422645776086,85.42386195570069
2.94,78.15870833389384,148,85.95780279246765,85.42386195570069
2.96,77.74455799670986,149,86.17137912717443,85.42386195570069
2.98,75.70652097379227,150,86.38495546188122,85.42386195570069
3.0,74.59380979416352,151,77.15265423695504,75.52840572976365
3.02,73.14502867879362,152,76.79171012424585,75.52840572976365
3.04,71.16812087564317,153,76.43076601153665,75.52840572976365
3.06,70.60895854750314,154,76.06982189882746,75.52840572976365
3.08,72.11426698936053,155,75.70887778611825,75.52840572976365
3.1,72.18117222002705,156,75.34793367340906,75.52840572976365
3.12,71.72189856225715,157,74.98698956069985,75.52840572976365
3.14,71.50327896693224,158,74.62604544799066,75.52840572976365
3.16,73.13498265139658,159,74.26510133528146,75.52840572976365
3.18,71.72411240743673,160,73.90415722257227,75.52840572976365
3.2,73.3244799530832,161,70.26120050089882,68.00722343888678
3.22,73.7899785522301,162,69.76031670934059,68.00722343888678
3.24,73.52829742526886,163,69.25943291778236,68.00722343888678
3.26,72.25815435878845,164,68.75854912622414,68.00722343888678
3.28,72.65997882665407,165,68.2576653346659,68.00722343888678
3.3,73.17039018526714,166,67.75678154310768,68.00722343888678
3.32,72.77520196368327,167,67.25589775154944,68.00722343888678
3.34,72.05033534955373,168,66.75501395999122,68.00722343888678
3.36,70.31360459073493,169,66.254130168433,68.00722343888678
3.38,69.78704961195653,170,65.75324637687476,68.00722343888678
3.4,68.24331639352559,171,68.89719190266341,67.2041120518646
3.42,67.4861157549364,172,68.52095193581923,67.2041120518646
3.44,67.41324316942278,173,68.14471196897505,67.2041120518646
3.46,69.37275262926997,174,67.76847200213086,67.2041120518646
3.48,68.67204259669073,175,67.39223203528668,67.2041120518646
3.5,69.85189043328043,176,67.0159920684425,67.2041120518646
3.52,70.88715316997884,177,66.63975210159832,67.2041120518646
3.54,70.14798603748486,178,66.26351213475414,67.2041120518646
3.56,70.6142317040165,179,65.88727216790996,67.2041120518646
3.58,72.33665001027389,180,65.51103220106577,67.2041120518646
3.6,72.90346827737325,181,66.89192680190625,65.42780859935684
3.62,76.1926607056833,182,66.56656720133972,65.42780859935684
3.64,74.619627762354,183,66.24120760077318,65.42780859935684
3.66,73.59764506706018,184,65.91584800020664,65.42780859935684
3.68,73.21529644185436,185,65.59048839964011,65.42780859935684
3.7,74.07959039997863,186,65.26512879907357,65.42780859935684
3.72,73.39587162018447,187,64.93976919850704,65.42780859935684
3.74,72.47631708009366,188,64.6144095979405,65.42780859935684
3.76,73.00096498340038,189,64.28904999737397,65.42780859935684
3.78,74.22780771031465,190,63.96369039680742,65.42780859935684
3.8,73.16285312432343,191,68.59186896145529,67.65344205199963
3.82,75.24581941073606,192,68.38332964824292,67.65344205199963
3.84,77.6827020110034,193,68.17479033503055,67.65344205199963
3.86,77.33917623824132,194,67.9662510218182,67.65344205199963
3.88,78.19227647890631,195,67.75771170860583,67.65344205199963
3.9,77.6676571490202,196,67.54917239539346,67.65344205199963
3.92,78.38834134327057,197,67.34063308218109,67.65344205199963
3.94,79.4967302479381,198,67.13209376896872,67.65344205199963
3.96,80.07220905176118,199,66.92355445575636,67.65344205199963
3.98,79.5002102134176,200,66.71501514254399,67.65344205199963
4.0,78.7539464445466,201,71.75780998416049,71.30357191269368
4.02,79.91062135275142,202,71.6568681905012,71.30357191269368
4.04,79.0190431566243,203,71.55592639684191,71.30357191269368
4.06,80.21318108144652,204,71.45498460318262,71.30357191269368
4.08,81.34973736854246,205,71.35404280952334,71.30357191269368
4.1,82.32753472199877,206,71.25310101586405,71.30357191269368
4.12,81.55365010209717,207,71.15215922220476,71.30357191269368
4.14,81.57012619311371,208,71.05121742854547,71.30357191269368
4.16,81.15194638301467,209,70.95027563488618,71.30357191269368
4.18,80.65855605526224,210,70.84933384122691,71.30357191269368
4.2,80.91621227308876,211,75.05128929289376,74.94532782683477
4.22,82.58567370175126,212,75.0277423004362,74.94532782683477
4.24,79.77155438780444,213,75.00419530797865,74.94532782683477
4.26,78.9375427767838,214,74.9806483155211,74.94532782683477
4.28,77.86767845836297,215,74.95710132306355,74.94532782683477
4.3,78.7795558486386,216,74.933554330606,74.94532782683477
4.32,78.21926790153356,217,74.91000733814845,74.94532782683477
4.34,78.49127531135277,218,74.8864603456909,74.94532782683477
4.36,77.90258643605029,219,74.86291335323335,74.94532782683477
4.38,78.30567739156854,220,74.8393663607758,74.94532782683477
4.4,76.42558640132486,221,78.33874623555356,77.59207815534353
4.42,78.17265347244066,222,78.17281999550688,77.59207815534353
4.44,78.91384911115615,223,78.00689375546021,77.59207815534353
4.46,79.06976238240982,224,77.84096751541354,77.59207815534353
4.48,78.21445846162614,225,77.67504127536687,77.59207815534353
4.5,76.6298189913179,226,77.5091150353202,77.59207815534353
4.52,78.36614123521234,227,77.34318879527353,77.59207815534353
4.54,78.10108342490787,228,77.17726255522686,77.59207815534353
4.56,76.4132495014367,229,77.01133631518019,77.59207815534353
4.58,75.61417857159906,230,76.84541007513351,77.59207815534353
4.6,77.8903150614232,231,76.67948383508684,75.93281575487683
4.62,79.24371679275045,232,76.51355759504017,75.93281575487683
4.64,80.18902295496518,233,76.3476313549935,75.93281575487683
4.66,81.25749042188392,234,76.18170511494682,75.93281575487683
4.68,81.44454867422293,235,76.01577887490015,75.93281575487683
4.7,83.54876333768367,236,75.84985263485348,75.93281575487683
4.72,81.77347164947254,237,75.6839263948068,75.93281575487683
4.74,82.72616836386628,238,75.51800015476013,75.93281575487683
4.76,82.09976839584508,239,75.35207391471346,75.93281575487683
4.78,83.69194527202072,240,75.18614767466678,75.93281575487683
4.8,84.09111674117501,241,82.96781053919712,84.45860093147675
4.82,81.05421454349303,242,83.29909729303704,84.45860093147675
4.84,81.91278147901258,243,83.63038404687696,84.45860093147675
4.86,81.43321581309928,244,83.96167080071687,84.45860093147675
4.88,81.86901109115986,245,84.29295755455679,84.45860093147675
4.9,83.47827969954808,246,84.62424430839671,84.45860093147675
4.92,85.13081764785335,247,84.95553106223663,84.45860093147675
4.94,86.84890617019762,248,85.28681781607655,84.45860093147675
4.96,88.2969948443866,249,85.61810456991647,84.45860093147675
4.98,87.48284168220668,250,85.94939132375639,84.45860093147675
5.0,87.68204769348449,251,86.19552781856986,87.6905116479318
5.02,84.50746369678991,252,86.52774644731696,87.6905116479318
5.04,84.92719928361407,253,86.85996507606406,87.6905116479318
5.06,83.51786765465253,254,87.19218370481114,87.6905116479318
5.08,83.80531073491413,255,87.52440233355824,87.6905116479318
5.1,81.6951345926041,256,87.85662096230534,87.6905116479318
5.12,80.84493761716587,257,88.18883959105244,87.6905116479318
5.14,83.0415917186374,258,88.52105821979953,87.6905116479318
5.16,83.12742952603244,259,88.85327684854663,87.6905116479318
5.18,82.81948346105915,260,89.18549547729373,87.6905116479318
5.2,80.6519180735151,261,85.88680570868375,86.80941321576196
5.22,81.76107144077136,262,86.09182959914557,86.80941321576196
5.24,81.7543297614029,263,86.2968534896074,86.80941321576196
5.26,81.11306317459358,264,86.50187738006923,86.80941321576196
5.28,81.8106278403038,265,86.70690127053105,86.80941321576196
5.3,81.101707604354,266,86.91192516099288,86.80941321576196
5.32,81.58525554703013,267,87.11694905145471,86.80941321576196
5.34,83.29409669308107,268,87.32197294191653,86.80941321576196
5.36,81.82336363870849,269,87.52699683237836,86.80941321576196
5.38,82.82128937543848,270,87.73202072284018,86.80941321576196
5.4,85.43831869921272,271,83.73075002947591,88.00537817506911
5.42,85.66548223039052,272,84.6806673951633,88.00537817506911
5.44,85.4808998675661,273,85.63058476085067,88.00537817506911
5.46,84.73734660649997,274,86.58050212653805,88.00537817506911
5.48,85.74097658538423,275,87.53041949222542,88.00537817506911
5.5,87.18754232514074,276,88.4803368579128,88.00537817506911
5.52,89.76071060923476,277,89.43025422360017,88.00537817506911
5.54,91.20417883345834,278,90.38017158928756,88.00537817506911
5.56,91.66918863876852,279,91.33008895497493,88.00537817506911
5.58,93.16913735502952,280,92.28000632066231,88.00537817506911
5.6,93.82779890708107,281,93.22992368634968,97.50455183194288
5.62,94.14827956812286,282,94.17984105203706,97.50455183194288
5.64,93.59708741975628,283,95.12975841772445,97.50455183194288
5.66,93.7514985255506,284,96.07967578341182,97.50455183194288
5.68,96.8138410886203,285,97.0295931490992,97.50455183194288
5.7,96.4874195514696,286,97.97951051478657,97.50455183194288
5.72,95.3954984223166,287,98.92942788047395,97.50455183194288
5.74,96.57477622184676,288,99.87934524616132,97.50455183194288
5.76,94.40073340364032,289,100.8292626118487,97.50455183194288
5.78,96.5333406346925,290,101.77917997753607,97.50455183194288
5.8,97.7833497728682,291,98.8195635101358,101.92257525389869
5.82,98.80602473817456,292,99.50912167541644,101.92257525389869
5.84,96.75248294539328,293,100.19867984069708,101.92257525389869
5.86,93.92111742841672,294,100.88823800597773,101.92257525389869
5.88,94.12790755199312,295,101.57779617125837,101.92257525389869
5.9,95.70413800317174,296,102.26735433653901,101.92257525389869
5.92,95.71285496303814,297,102.95691250181966,101.92257525389869
5.94,93.88502436136989,298,103.6464706671003,101.92257525389869
5.96,96.29589202308476,299,104.33602883238095,101.92257525389869
5.98,95.74995757541434,300,105.02558699766159,101.92257525389869
6.0,95.55260783663176,301,98.9858963118766,100.72061325864692
6.02,91.92046991982905,302,99.37138896671445,100.72061325864692
6.04,89.85866197999826,303,99.7568816215523,100.72061325864692
6.06,89.0785897049181,304,100.14237427639014,100.72061325864692
6.08,89.0570607189382,305,100.527866931228,100.72061325864692
6.1,87.2739942685391,306,100.91335958606585,100.72061325864692
6.12,89.5261945456499,307,101.2988522409037,100.72061325864692
6.14,87.92149660272028,308,101.68434489574155,100.72061325864692
6.16,87.39252877583624,309,102.06983755057941,100.72061325864692
6.18,86.28058569945125,310,102.45533020541725,100.72061325864692
6.2,86.6955573459223,311,93.10492731589827,93.3245059009839
6.22,86.16864579500613,312,93.1537225570284,93.3245059009839
6.24,85.29181255031376,313,93.20251779815854,93.3245059009839
6.26,83.45399665411612,314,93.25131303928869,93.3245059009839
6.28,83.2674189991077,315,93.30010828041883,93.3245059009839
6.3,84.46071060743847,316,93.34890352154896,93.3245059009839
6.32,84.68390993054753,317,93.3976987626791,93.3245059009839
6.34,82.97619994101493,318,93.44649400380924,93.3245059009839
6.36,82.31998526198146,319,93.49528924493937,93.3245059009839
6.38,83.19681356922091,320,93.54408448606951,93.3245059009839
6.4,82.47974081901403,321,87.24475805194491,86.66430342970969
6.42,80.8336254330555,322,87.11576813589265,86.66430342970969
6.44,80.16483425069394,323,86.98677821984037,86.66430342970969
6.46,80.6437344488693,324,86.85778830378811,86.66430342970969
6.48,81.25916801880796,325,86.72879838773584,86.66430342970969
6.5,81.9644475570591,326,86.59980847168357,86.66430342970969
6.52,80.74059202756996,327,86.4708185556313,86.66430342970969
6.54,81.6157110220456,328,86.34182863957903,86.66430342970969
6.56,83.59091455787569,329,86.21283872352676,86.66430342970969
6.58,83.59056888309041,330,86.0838488074745,86.66430342970969
6.6,85.46174143794312,331,83.06692652274327,82.18274342958577
6.62,84.76979236308769,332,82.8704413909305,82.18274342958577
6.64,83.70236625045197,333,82.67395625911772,82.18274342958577
6.66,84.791576904571,334,82.47747112730494,82.18274342958577
6.68,85.31898715562616,335,82.28098599549216,82.18274342958577
6.7,85.48194876274704,336,82.0845008636794,82.18274342958577
6.72,84.50255129995412,337,81.88801573186662,82.18274342958577
6.74,87.04871018635758,338,81.69153060005384,82.18274342958577
6.76,88.27982963728174,339,81.49504546824106,82.18274342958577
6.78,88.19144785600355,340,81.29856033642828,82.18274342958577
6.8,88.03318982485496,341,83.0042312463743,82.29647967198633
6.82,87.59640351452437,342,82.84695311873253,82.29647967198633
6.84,89.34838372966793,343,82.68967499109077,82.29647967198633
6.86,87.5208495077096,344,82.532396863449,82.29647967198633
6.88,85.66193983953795,345,82.37511873580722,82.29647967198633
6.9,85.15917134106492,346,82.21784060816546,82.29647967198633
6.92,84.38116152687475,347,82.06056248052369,82.29647967198633
6.94,85.01362570431534,348,81.90328435288191,82.29647967198633
6.96,84.00445507399603,349,81.74600622524014,82.29647967198633
6.98,86.449391868996,350,81.58872809759838,82.29647967198633
7.0,86.34448465412638,351,83.2485011376141,82.68680556072742
7.02,87.6865065660941,352,83.12367989830595,82.68680556072742
7.04,87.65822044745686,353,82.99885865899779,82.68680556072742
7.06,88.66245258556027,354,82.87403741968964,82.68680556072742
7.08,88.01042459405765,355,82.7492161803815,82.68680556072742
7.1,87.10298447340912,356,82.62439494107333,82.68680556072742
7.12,85.0978389761287,357,82.49957370176519,82.68680556072742
7.14,84.24863658725779,358,82.37475246245704,82.68680556072742
7.16,82.98377081555168,359,82.24993122314889,82.68680556072742
7.18,81.05855859480111,360,82.12510998384073,82.68680556072742
7.2,79.45990451917727,361,83.28090012061547,82.81070916038846
7.22,80.10962300239905,362,83.17641324056503,82.81070916038846
7.24,80.27311103698523,363,83.07192636051457,82.81070916038846
7.26,79.4490365915639,364,82.96743948046412,82.81070916038846
7.28,79.43559488731495,365,82.86295260041368,82.81070916038846
7.3,78.73699801477662,366,82.75846572036322,82.81070916038846
7.32,77.22676891312425,367,82.65397884031277,82.81070916038846
7.34,77.1449550200105,368,82.54949196026232,82.81070916038846
7.36,78.04843032098654,369,82.44500508021187,82.81070916038846
7.38,76.09479784953479,370,82.34051820016141,82.81070916038846
7.4,76.28216057308858,371,75.85031943326138,77.04274020880396
7.42,76.61124642021817,372,76.11530182782639,77.04274020880396
7.44,74.62384193958025,373,76.38028422239141,77.04274020880396
7.46,77.5515751579612,374,76.64526661695642,77.04274020880396
7.48,77.46627877908718,375,76.91024901152144,77.04274020880396
7.5,77.07864847104804,376,77.17523140608645,77.04274020880396
7.52,77.08173603374969,377,77.44021380065148,77.04274020880396
7.54,76.44539518910183,378,77.7051961952165,77.04274020880396
7.56,78.17451454110893,379,77.97017858978151,77.04274020880396
7.58,79.11200498309499,380,78.23516098434654,77.04274020880396
7.6,78.86508419998765,381,78.50014337891155,79.69256415445412
7.62,79.83453978747357,382,78.76512577347657,79.69256415445412
7.64,79.07657511002343,383,79.03010816804158,79.69256415445412
7.66,78.06200162880256,384,79.2950905626066,79.69256415445412
7.68,78.22918733812392,385,79.56007295717163,79.69256415445412
7.7,80.37834811656214,386,79.82505535173664,79.69256415445412
7.72,81.6173114180353,387,80.09003774630166,79.69256415445412
7.74,83.61060420453327,388,80.35502014086667,79.69256415445412
7.76,84.67917154206091,389,80.6200025354317,79.69256415445412
7.78,85.27774929573901,390,80.8849849299967,79.69256415445412
7.8,85.3959484043704,391,83.44657329751246,85.3510052522453
7.82,84.67022614092255,392,83.8697803985642,85.3510052522453
7.84,83.96252029718931,393,84.29298749961595,85.3510052522453
7.86,84.04344426874584,394,84.71619460066769,85.3510052522453
7.88,85.56266591149738,395,85.13940170171942,85.3510052522453
7.9,84.56907424556343,396,85.56260880277117,85.3510052522453
7.92,84.66482640022468,397,85.98581590382291,85.3510052522453
7.94,83.66020611714544,398,86.40902300487465,85.3510052522453
7.96,82.98224895777864,399,86.8322301059264,85.3510052522453
7.98,83.16759840482892,400,87.25543720697813,85.3510052522453
8.0,82.64525916583024,401,86.21771483139538,87.80282493846843
8.02,80.06969699948836,402,86.56996152185606,87.80282493846843
8.04,80.70066130699352,403,86.92220821231673,87.80282493846843
8.06,79.46659374614872,404,87.2744549027774,87.80282493846843
8.08,79.40298912127358,405,87.6267015932381,87.80282493846843
8.1,80.82950746859389,406,87.97894828369877,87.80282493846843
8.12,82.3906500590815,407,88.33119497415944,87.80282493846843
8.14,83.24409926374142,408,88.68344166462012,87.80282493846843
8.16,82.82495463121477,409,89.0356883550808,87.80282493846843
8.18,81.43173150519661,410,89.38793504554148,87.80282493846843
8.2,80.49871801398096,411,84.31173878327922,85.06206809283628
8.22,79.83139632192245,412,84.47847862984746,85.06206809283628
8.24,80.86384550311239,413,84.64521847641569,85.06206809283628
8.26,80.27612092450374,414,84.81195832298393,85.06206809283628
8.28,81.39374571843938,415,84.97869816955216,85.06206809283628
8.3,79.19828165872043,416,85.1454380161204,85.06206809283628
8.32,81.39552707626203,417,85.31217786268863,85.06206809283628
8.34,81.86245502431414,418,85.47891770925686,85.06206809283628
8.36,80.73368450147879,419,85.64565755582511,85.06206809283628
8.38,81.60667781772017,420,85.81239740239334,85.06206809283628
8.4,80.60563711844719,421,80.71596447599772,80.5817812029384
8.42,80.66655863962504,422,80.68614597087343,80.5817812029384
8.44,80.55072280100933,423,80.65632746574913,80.5817812029384
8.46,81.25669811877142,424,80.62650896062483,80.5817812029384
8.48,80.25747960258016,425,80.59669045550054,80.5817812029384
8.5,80.6706354620818,426,80.56687195037625,80.5817812029384
8.52,81.00743177861602,427,80.53705344525196,80.5817812029384
8.54,79.7997517169629,428,80.50723494012766,80.5817812029384
8.56,79.86999067123936,429,80.47741643500336,80.5817812029384
8.58,81.13290612004567,430,80.44759792987907,80.5817812029384
8.6,80.55210740940262,431,80.8055841310307,83.10495869471286
8.62,81.44458406540022,432,81.3165562562934,83.10495869471286
8.64,83.46585025772316,433,81.8275283815561,83.10495869471286
8.66,81.80988863912519,434,82.3385005068188,83.10495869471286
8.68,82.76383502831149,435,82.84947263208151,83.10495869471286
8.7,82.81850463445127,436,83.36044475734421,83.10495869471286
8.72,82.00462084897437,437,83.87141688260692,83.10495869471286
8.74,84.65578093940478,438,84.38238900786962,83.10495869471286
8.76,85.50339997614493,439,84.89336113313233,83.10495869471286
8.78,86.03101514818474,440,85.40433325839503,83.10495869471286
8.8,86.90890353992872,441,87.96944536204497,88.73471320775866
8.82,87.98913997491968,442,88.13950488331467,88.73471320775866
8.84,88.58045570708583,443,88.30956440458438,88.73471320775866
8.86,89.27611005554546,444,88.47962392585409,88.73471320775866
8.88,89.18838010204433,445,88.64968344712379,88.73471320775866
8.9,89.32202151106581,446,88.8197429683935,88.73471320775866
8.92,89.20626256974172,447,88.98980248966322,88.73471320775866
8.94,88.78477285389455,448,89.15986201093293,88.73471320775866
8.96,88.80076193131072,449,89.32992153220263,88.73471320775866
8.98,89.29032383205208,450,89.49998105347234,88.73471320775866
9.0,87.6769123655026,451,89.67004057474205,90.43530842045573
9.02,87.36466312602295,452,89.84010009601175,90.43530842045573
9.04,86.56035014423317,453,90.01015961728147,90.43530842045573
9.06,87.04963815981743,454,90.18021913855118,90.43530842045573
9.08,88.10041877524395,455,90.35027865982089,90.43530842045573
9.1,88.57299621006457,456,90.5203381810906,90.43530842045573
9.12,91.77759123706268,457,90.6903977023603,90.43530842045573
9.14,92.4070538069256,458,90.86045722363001,90.43530842045573
9.16,92.89393512590732,459,91.03051674489973,90.43530842045573
9.18,94.44734149754214,460,91.20057626616943,90.43530842045573
9.2,93.84806006148166,461,91.31484551485664,92.21696432423997
9.22,92.2992112071796,462,91.51531636138627,92.21696432423997
9.24,90.38843832696482,463,91.7157872079159,92.21696432423997
9.26,89.69076952613814,464,91.91625805444552,92.21696432423997
9.28,88.71917388429584,465,92.11672890097515,92.21696432423997
9.3,87.66943612051935,466,92.31719974750477,92.21696432423997
9.32,87.08860733435971,467,92.5176705940344,92.21696432423997
9.34,86.91754562735723,468,92.71814144056403,92.21696432423997
9.36,86.70541344758217,469,92.91861228709365,92.21696432423997
9.38,86.84867179815868,470,93.11908313362328,92.21696432423997
9.4,88.54334833067932,471,89.20860244436541,88.46513750265754
9.42,89.49100172026671,472,89.04338801287477,88.46513750265754
9.44,89.4728229612671,473,88.87817358138413,88.46513750265754
9.46,87.38669772084936,474,88.71295914989349,88.46513750265754
9.48,87.07592961821281,475,88.54774471840287,88.46513750265754
9.5,90.68295194777208,476,88.38253028691223,88.46513750265754
9.52,89.66704446995159,477,88.21731585542159,88.46513750265754
9.54,88.54102512237009,478,88.05210142393095,88.46513750265754
9.56,86.9186428886083,479,87.88688699244031,88.46513750265754
9.58,86.87191024659835,480,87.72167256094968,88.46513750265754
9.6,85.17537646030064,481,85.24088741497643,84.94986998283905
9.62,85.01267809239728,482,85.17621687450146,84.94986998283905
9.64,86.1878997810039,483,85.11154633402649,84.94986998283905
9.66,85.9968891105848,484,85.04687579355152,84.94986998283905
9.68,85.07654970966959,485,84.98220525307654,84.94986998283905
9.7,83.39313528066955,486,84.91753471260157,84.94986998283905
9.72,83.36966903802146,487,84.8528641721266,84.94986998283905
9.74,84.56195341734296,488,84.78819363165162,84.94986998283905
9.76,83.9148191847088,489,84.72352309117665,84.94986998283905
9.78,86.8097297536831,490,84.65885255070168,84.94986998283905
9.8,87.84216196193738,491,86.11779541287386,84.88044318317426
9.82,87.71825776993866,492,85.8428282507184,84.88044318317426
9.84,85.205103240659,493,85.56786108856294,84.88044318317426
9.86,84.74538301666703,494,85.29289392640746,84.88044318317426
9.88,81.49903444144175,495,85.017926764252,84.88044318317426
9.9,82.53510386452336,496,84.74295960209653,84.88044318317426
9.92,84.52330969447749,497,84.46799243994107,84.88044318317426
9.94,84.28806318296509,498,84.19302527778561,84.88044318317426
9.96,85.28955040441022,499,83.91805811563013,84.88044318317426
9.98,85.15846425471551,500,83.64309095347467,84.88044318317426
10.0,83.45206016173591,501,,
