file_name,MSE,deviation_points
initial_value_80_samples_500ws2,5.524396426727002,"[2, 4, 6, 8, 10, 12, 14, 18, 20, 22, 24, 26, 28, 30, 32, 34, 36, 38, 40, 42, 44, 50, 54, 56, 58, 60, 62, 66, 68, 70, 72, 74, 78, 80, 82, 94, 96, 98, 100, 106, 110, 112, 114, 116, 122, 126, 128, 132, 134, 136, 138, 142, 144, 146, 152, 154, 156, 158, 160, 162, 164, 166, 168, 170, 172, 174, 176, 178, 182, 184, 186, 188, 192, 194, 196, 198, 204, 206, 208, 210, 212, 216, 218, 220, 222, 224, 226, 228, 230, 236, 242, 244, 250, 252, 258, 260, 262, 264, 266, 268, 270, 272, 274, 280, 282, 284, 288, 292, 294, 296, 298, 300, 302, 306, 310, 314, 316, 318, 320, 322, 326, 328, 330, 334, 336, 338, 340, 342, 346, 354, 356, 362, 364, 366, 368, 370, 372, 374, 378, 380, 382, 384, 390, 392, 394, 400, 402, 404, 408, 412, 416, 418, 420, 424, 426, 428, 430, 434, 436, 438, 444, 446, 448, 450, 454, 456, 460, 466, 470, 472, 478, 480, 482, 484, 486, 492, 494, 498]"
initial_value_80_samples_500ws3,6.92476785332083,"[3, 6, 12, 18, 27, 30, 33, 36, 39, 42, 45, 48, 51, 54, 57, 60, 63, 69, 72, 75, 78, 81, 84, 87, 90, 93, 96, 99, 102, 105, 108, 111, 114, 117, 126, 129, 132, 135, 138, 141, 144, 153, 156, 162, 165, 168, 174, 177, 183, 186, 189, 192, 204, 207, 213, 219, 222, 228, 231, 237, 240, 243, 249, 258, 261, 264, 267, 270, 273, 279, 282, 285, 288, 294, 297, 300, 303, 306, 309, 312, 315, 318, 321, 324, 327, 333, 336, 339, 342, 345, 348, 354, 360, 363, 366, 369, 372, 375, 378, 381, 384, 390, 393, 396, 399, 402, 405, 408, 411, 414, 417, 420, 426, 429, 432, 435, 444, 447, 450, 453, 456, 462, 468, 474, 477, 483, 486, 489, 492, 495, 498]"
initial_value_80_samples_500ws4,9.637209108165361,"[4, 8, 12, 20, 24, 28, 32, 36, 52, 56, 60, 64, 68, 72, 80, 84, 88, 92, 96, 100, 108, 112, 116, 120, 124, 128, 132, 136, 144, 148, 152, 156, 160, 164, 168, 172, 184, 188, 192, 196, 200, 204, 208, 212, 216, 220, 224, 228, 236, 240, 244, 248, 256, 260, 264, 268, 272, 276, 280, 284, 288, 292, 296, 300, 304, 308, 312, 320, 324, 328, 332, 340, 344, 348, 352, 356, 360, 364, 368, 372, 376, 380, 384, 388, 392, 396, 400, 404, 408, 412, 416, 420, 424, 428, 436, 444, 448, 452, 456, 460, 468, 472, 476, 480, 484, 488, 492, 496]"
initial_value_80_samples_500ws5,10.6037284170151,"[5, 10, 15, 20, 25, 30, 35, 50, 55, 60, 65, 70, 75, 80, 85, 90, 95, 100, 105, 110, 115, 125, 130, 135, 145, 150, 155, 160, 165, 175, 185, 190, 195, 200, 205, 215, 220, 225, 230, 235, 240, 245, 250, 255, 260, 265, 270, 275, 280, 285, 290, 295, 300, 305, 310, 315, 325, 335, 340, 350, 355, 360, 365, 370, 375, 380, 385, 390, 395, 400, 405, 410, 420, 425, 430, 435, 445, 450, 455, 460, 465, 470, 475, 480, 485, 490, 495]"
initial_value_5_samples_500ws5,1212.4482612243135,"[10, 15, 20, 25, 30, 35, 40, 45, 50, 55, 60, 65, 70, 75, 80, 85, 90, 95, 100, 105, 110, 115, 120, 125, 130, 135, 140, 145, 150, 155, 160, 165, 170, 175, 180, 185, 190, 195, 200, 210, 215, 220, 225, 230, 235, 240, 245, 250, 255, 260, 265, 270, 275, 285, 290, 295, 300, 305, 310, 315, 320, 325, 330, 335, 340, 345, 350, 355, 360, 365, 370, 375, 380, 385, 390, 395, 400, 405, 415, 420, 425, 430, 435, 440, 445, 450, 455, 460, 465, 470, 475, 480, 485, 490, 495]"
initial_value_5_samples_500ws10,10.271768287856936,"[10, 20, 30, 40, 50, 60, 70, 80, 90, 100, 110, 120, 130, 140, 150, 160, 170, 180, 190, 200, 210, 220, 230, 240, 250, 260, 270, 280, 290, 300, 310, 320, 330, 340, 360, 370, 380, 390, 400, 410, 420, 430, 440, 450, 460, 470, 480, 490]"
initial_value_5_samples_500ws15,17.17607762540611,"[15, 30, 45, 60, 75, 90, 105, 120, 135, 150, 165, 180, 195, 210, 225, 240, 255, 270, 285, 300, 315, 330, 345, 360, 375, 390, 405, 420, 435, 450, 465, 480]"
initial_value_5_samples_500ws20,49.455872594341855,"[20, 40, 60, 80, 100, 120, 140, 160, 180, 200, 220, 240, 260, 280, 300, 320, 340, 360, 380, 400, 420, 440, 460, 480]"
initial_value_5_samples_500ws25,44.647102053045685,"[25, 75, 100, 125, 150, 175, 200, 225, 250, 275, 300, 325, 350, 375, 400, 425, 450, 475]"
