prediction_errors,predicted_step_function_time_interval,prediction_times,predictions,actual_values,predicted_step_function
1.5867777446090985,0.0,0.0,6.5867777446090985,5.0,6.5867777446090985
0.5158882377528071,0.02,0.02,6.5867777446090985,6.070889506856291,6.5867777446090985
-0.023778527536080674,0.02,0.04,6.5867777446090985,6.610556272145179,6.5867777446090985
-0.6308872018118912,0.019999999999999997,0.06,6.5867777446090985,7.21766494642099,6.5867777446090985
-1.4480002530139346,0.020000000000000004,0.08,6.5867777446090985,8.034777997623033,6.5867777446090985
0.5913053656864999,0.020000000000000004,0.1,8.751677175052325,8.160371809365826,10.194943462014479
0.5902496169840088,0.01999999999999999,0.12,9.473310318533402,8.883060701549393,10.194943462014479
1.2668354332578264,0.020000000000000018,0.14,10.19494346201448,8.928108028756654,10.194943462014479
1.1386794324938982,0.01999999999999999,0.16,10.916576605495555,9.777897173001657,10.194943462014479
1.6692623512396043,0.01999999999999999,0.18,11.638209748976632,9.968947397737027,10.194943462014479
0.25077777517057775,0.020000000000000018,0.2,10.777864720106814,10.527086944936237,11.837005569838162
0.31157437307527935,0.01999999999999999,0.22,11.307435144972487,10.995860771897208,11.837005569838162
0.5032471138654842,0.01999999999999999,0.24,11.837005569838162,11.333758455972678,11.837005569838162
0.1856864721578848,0.020000000000000018,0.26,12.366575994703837,12.180889522545952,11.837005569838162
0.2865192237791039,0.020000000000000018,0.28,12.896146419569511,12.609627195790408,11.837005569838162
0.8231833607523047,0.019999999999999962,0.3,13.105064519997446,12.281881159245142,14.109672371253499
1.2166453339474383,0.020000000000000018,0.32,13.607368445625474,12.390723111678035,14.109672371253499
0.5412210585959478,0.020000000000000018,0.34,14.1096723712535,13.568451312657553,14.109672371253499
0.8869241159503467,0.019999999999999962,0.36,14.611976296881526,13.72505218093118,14.109672371253499
1.1089679454528376,0.020000000000000018,0.38,15.114280222509553,14.005312277056715,14.109672371253499
1.309000498029846,0.020000000000000018,0.4,14.84191213800823,13.532911639978384,15.742553337951062
1.6863282179674641,0.019999999999999962,0.42,15.292232737979646,13.605904520012182,15.742553337951062
2.1282762633371313,0.020000000000000018,0.44,15.742553337951062,13.61427707461393,15.742553337951062
1.6014160778343083,0.020000000000000018,0.46,16.192873937922478,14.59145786008817,15.742553337951062
1.9422703886894581,0.019999999999999962,0.48,16.643194537893894,14.700924149204436,15.742553337951062
-0.321977755358267,0.020000000000000018,0.5,15.005568556337817,15.327546311696084,15.669884228043433
-0.5977064335605355,0.020000000000000018,0.52,15.337726392190625,15.93543282575116,15.669884228043433
-0.6749489157824264,0.020000000000000018,0.54,15.669884228043433,16.34483314382586,15.669884228043433
-1.1962659484139735,0.020000000000000018,0.56,16.00204206389624,17.198308012310214,15.669884228043433
-0.7138304484138303,0.019999999999999907,0.58,16.33419989974905,17.04803034816288,15.669884228043433
0.0794718724705632,0.020000000000000018,0.6,17.781983106197035,17.702511233726472,18.72275175809557
-0.598626673122638,0.020000000000000018,0.62,18.2523674321463,18.85099410526894,18.72275175809557
-0.15586975456657726,0.020000000000000018,0.64,18.722751758095566,18.878621512662143,18.72275175809557
-0.20159843303997604,0.020000000000000018,0.66,19.193136084044834,19.39473451708481,18.72275175809557
-0.1727485166118221,0.020000000000000018,0.68,19.6635204099941,19.83626892660592,18.72275175809557
0.8491225141351464,0.019999999999999907,0.7,20.42089797311426,19.571775458979115,21.427868838352385
1.5366735992074823,0.020000000000000018,0.72,20.924383405733323,19.38770980652584,21.427868838352385
2.2767270151763555,0.020000000000000018,0.74,21.427868838352385,19.15114182317603,21.427868838352385
2.8041805483686453,0.020000000000000018,0.76,21.931354270971447,19.1271737226028,21.427868838352385
2.570382162682197,0.020000000000000018,0.78,22.43483970359051,19.86445754090831,21.427868838352385
0.37686679168414017,0.020000000000000018,0.8,19.51790009441898,19.14103330273484,19.58286571040605
-1.145392997301542,0.019999999999999907,0.82,19.550382902412515,20.695775899714057,19.58286571040605
-2.750681517960466,0.020000000000000018,0.84,19.58286571040605,22.333547228366516,19.58286571040605
-3.088283706919494,0.020000000000000018,0.86,19.615348518399585,22.70363222531908,19.58286571040605
-3.8856013362348953,0.020000000000000018,0.88,19.64783132639312,23.533432662628016,19.58286571040605
1.6341185115094774,0.020000000000000018,0.9,24.919280777369924,23.285162265860446,27.0778117864482
2.975771937256905,0.020000000000000018,0.92,25.998546281909064,23.02277434465216,27.0778117864482
3.0257524551118458,0.019999999999999907,0.94,27.077811786448198,24.052059331336352,27.0778117864482
3.9885088920801444,0.020000000000000018,0.96,28.157077290987335,24.16856839890719,27.0778117864482
4.791703827115548,0.020000000000000018,0.98,29.236342795526475,24.444638968410928,27.0778117864482
0.5799945953357692,0.020000000000000018,1.0,24.834064899640268,24.2540703043045,25.527014391511475
0.32458249699629604,0.020000000000000018,1.02,25.18053964557587,24.855957148579574,25.527014391511475
0.39756573139423423,0.020000000000000018,1.04,25.52701439151147,25.129448660117237,25.527014391511475
1.0116687230529529,0.020000000000000018,1.06,25.873489137447073,24.86182041439412,25.527014391511475
1.3675720615039708,0.020000000000000018,1.08,26.219963883382672,24.8523918218787,25.527014391511475
0.26911569799621304,0.020000000000000018,1.1,25.15148956014376,24.882373862147546,25.391990820336353
-0.03512248177314348,0.020000000000000018,1.12,25.271740190240056,25.3068626720132,25.391990820336353
0.4064460210782279,0.019999999999999796,1.14,25.391990820336353,24.985544799258125,25.391990820336353
-0.47406248265858864,0.020000000000000018,1.16,25.51224145043265,25.98630393309124,25.391990820336353
-0.27933953464894756,0.020000000000000018,1.18,25.632492080528948,25.911831615177896,25.391990820336353
-0.9486287824808706,0.020000000000000018,1.2,25.885256149705317,26.833884932186187,26.169836377563172
-1.5692424783391168,0.020000000000000018,1.22,26.027546263634243,27.59678874197336,26.169836377563172
-1.8446748522251788,0.020000000000000018,1.24,26.169836377563172,28.01451122978835,26.169836377563172
-1.5004246587445031,0.020000000000000018,1.26,26.312126491492098,27.8125511502366,26.169836377563172
-1.2019127325798102,0.020000000000000018,1.28,26.454416605421027,27.656329338000837,26.169836377563172
1.4924211330977961,0.020000000000000018,1.3,28.141008444404864,26.648587311307068,28.51313868838338
2.847634351114536,0.020000000000000018,1.32,28.327073566394123,25.479439215279587,28.51313868838338
2.772870145805218,0.020000000000000018,1.34,28.51313868838338,25.74026854257816,28.51313868838338
2.111611001582503,0.020000000000000018,1.36,28.699203810372634,26.58759280879013,28.51313868838338
1.6590035821874345,0.019999999999999796,1.38,28.88526893236189,27.226265350174454,28.51313868838338
-0.2860413144240255,0.020000000000000018,1.4,27.015483546999484,27.30152486142351,27.468185481248543
-0.7379252688904998,0.020000000000000018,1.42,27.241834514124015,27.979759783014515,27.468185481248543
-0.13666110650146734,0.020000000000000018,1.44,27.468185481248543,27.60484658775001,27.468185481248543
0.004346028268333413,0.020000000000000018,1.46,27.694536448373075,27.69019042010474,27.468185481248543
0.5891074513410395,0.020000000000000018,1.48,27.920887415497607,27.331779964156567,27.468185481248543
-0.7645541132770113,0.020000000000000018,1.5,28.13231358343128,28.89686769670829,28.5589638012398
-1.3882621688054684,0.020000000000000018,1.52,28.34563869233554,29.73390086114101,28.5589638012398
-3.3594749046626475,0.020000000000000018,1.54,28.558963801239802,31.91843870590245,28.5589638012398
-3.962349650338858,0.020000000000000018,1.56,28.772288910144063,32.73463856048292,28.5589638012398
-4.28881859801356,0.020000000000000018,1.58,28.985614019048324,33.27443261706188,28.5589638012398
1.1325729398358177,0.020000000000000018,1.6,34.838415950274005,33.70584301043819,37.189589458283784
2.805534029897629,0.020000000000000018,1.62,36.014002704278894,33.208468674381265,37.189589458283784
4.55365555624725,0.019999999999999796,1.64,37.189589458283784,32.635933902036534,37.189589458283784
5.761264894424031,0.020000000000000018,1.66,38.365176212288674,32.60391131786464,37.189589458283784
7.10701084623998,0.020000000000000018,1.68,39.54076296629357,32.43375212005359,37.189589458283784
-0.9873204561778728,0.020000000000000018,1.7,31.97296006376907,32.96028051994694,31.34321223631191
-1.590274949266771,0.020000000000000018,1.72,31.65808615004049,33.24836109930726,31.34321223631191
-3.270357026900502,0.020000000000000018,1.74,31.34321223631191,34.61356926321241,31.34321223631191
-4.054593937786336,0.020000000000000018,1.76,31.02833832258333,35.08293226036967,31.34321223631191
-4.46762300450246,0.020000000000000018,1.78,30.71346440885475,35.18108741335721,31.34321223631191
-0.44491798172715846,0.020000000000000018,1.8,36.10010159560382,36.545019577330976,37.35533858518041
-0.18154470725462346,0.020000000000000018,1.82,36.72772009039212,36.90926479764674,37.35533858518041
-1.530373750652835,0.020000000000000018,1.84,37.35533858518041,38.88571233583325,37.35533858518041
-2.4396649205902534,0.020000000000000018,1.86,37.982957079968706,40.42262200055896,37.35533858518041
-0.8909325650796163,0.019999999999999796,1.88,38.61057557475699,39.50150813983661,37.35533858518041
0.8243520280614618,0.020000000000000018,1.9,40.91151974162922,40.08716771356776,42.575695741952586
1.9832563106507948,0.020000000000000018,1.92,41.7436077417909,39.76035143114011,42.575695741952586
2.4182760875548936,0.020000000000000018,1.94,42.575695741952586,40.15741965439769,42.575695741952586
3.224010365304956,0.020000000000000018,1.96,43.40778374211427,40.18377337680931,42.575695741952586
3.3413743810274283,0.020000000000000018,1.98,44.23987174227595,40.89849736124852,42.575695741952586
0.7172016288938892,0.020000000000000018,2.0,40.83126627974191,40.11406465084802,41.24048252794805
-0.8523537605438776,0.020000000000000018,2.02,41.03587440384498,41.888228164388856,41.24048252794805
0.5529799315261954,0.020000000000000018,2.04,41.24048252794805,40.68750259642186,41.24048252794805
1.2851586806845248,0.020000000000000018,2.06,41.44509065205113,40.1599319713666,41.24048252794805
1.110867873560018,0.020000000000000018,2.08,41.6496987761542,40.538830902594185,41.24048252794805
1.1871010215613396,0.020000000000000018,2.1,40.414082550265064,39.226981528703725,40.23832981235909
1.9072575241053187,0.020000000000000018,2.12,40.32620618131208,38.41894865720676,40.23832981235909
1.5688223979652491,0.020000000000000018,2.14,40.23832981235909,38.66950741439384,40.23832981235909
1.0635961635675102,0.020000000000000018,2.16,40.15045344340611,39.0868572798386,40.23832981235909
-0.010184773533936209,0.020000000000000018,2.18,40.062577074453124,40.07276184798706,40.23832981235909
0.7935241810394018,0.020000000000000018,2.2,39.80285212398572,39.00932794294632,40.2747459762254
1.1209002180694796,0.020000000000000018,2.22,40.03879905010556,38.91789883203608,40.2747459762254
3.151539832068188,0.020000000000000018,2.24,40.274745976225404,37.123206144157216,40.2747459762254
2.471306149044146,0.019999999999999574,2.26,40.51069290234524,38.039386753301095,40.2747459762254
3.4685569662427014,0.020000000000000018,2.28,40.746639828465085,37.278082862222384,40.2747459762254
-1.153324205730506,0.020000000000000018,2.3,36.77127983487782,37.92460404060832,35.903079386841256
-2.337466668645341,0.020000000000000018,2.32,36.337179610859536,38.67464627950488,35.903079386841256
-3.515961708130412,0.020000000000000018,2.34,35.903079386841256,39.41904109497167,35.903079386841256
-4.3710786092254,0.020000000000000018,2.36,35.468979162822976,39.840057772048375,35.903079386841256
-4.610907278576022,0.020000000000000018,2.38,35.034878938804695,39.64578621738072,35.903079386841256
-1.081681746878516,0.020000000000000018,2.4,40.48315983472928,41.564841581607794,41.404715003946926
-1.761891704853241,0.020000000000000018,2.42,40.943937419338106,42.70582912419135,41.404715003946926
-1.3023782720035655,0.020000000000000018,2.44,41.404715003946926,42.70709327595049,41.404715003946926
-0.42441924557423505,0.020000000000000018,2.46,41.86549258855575,42.28991183412999,41.404715003946926
0.050857922082023777,0.020000000000000018,2.48,42.32627017316458,42.27541225108256,41.404715003946926
-0.08591137928178938,0.020000000000000018,2.5,42.610184828058934,42.69609620734072,42.81122963783657
-0.5750022786982498,0.020000000000000018,2.52,42.71070723294775,43.285709511646,42.81122963783657
-1.1417473350015896,0.020000000000000018,2.54,42.81122963783657,43.95297697283816,42.81122963783657
-0.9198515648403784,0.020000000000000018,2.56,42.91175204272539,43.83160360756577,42.81122963783657
0.278040942968552,0.020000000000000018,2.58,43.01227444761421,42.73423350464566,42.81122963783657
2.613708242675912,0.020000000000000018,2.6,43.4867745679661,40.87306632529019,43.61120830607204
1.310504679190906,0.020000000000000018,2.62,43.54899143701907,42.23848675782816,43.61120830607204
1.3483058777665988,0.020000000000000018,2.64,43.61120830607204,42.26290242830544,43.61120830607204
0.08815420841538213,0.020000000000000018,2.66,43.673425175125004,43.58527096670962,43.61120830607204
0.5123337785382276,0.020000000000000018,2.68,43.73564204417798,43.22330826563975,43.61120830607204
2.6561159771104954,0.020000000000000018,2.7,44.25078737562841,41.59467139851792,45.46024099354452
3.9447950088291464,0.020000000000000018,2.72,44.85551418458647,40.91071917575732,45.46024099354452
3.528421127632676,0.020000000000000018,2.74,45.460240993544524,41.93181986591185,45.46024099354452
3.8482762135267237,0.019999999999999574,2.76,46.06496780250257,42.21669158897585,45.46024099354452
2.9667211901396797,0.020000000000000018,2.78,46.66969461146063,43.70297342132095,45.46024099354452
-1.5322020788147483,0.020000000000000018,2.8,43.72814802774375,45.2603501065585,44.83266331950865
-2.5385274025506988,0.020000000000000018,2.82,44.2804056736262,46.8189330761769,44.83266331950865
-1.0851055658734694,0.020000000000000018,2.84,44.83266331950865,45.91776888538212,44.83266331950865
-0.04186931398689353,0.020000000000000018,2.86,45.384920965391096,45.42679027937799,44.83266331950865
1.0198490796609434,0.020000000000000018,2.88,45.937178611273545,44.9173295316126,44.83266331950865
1.3546479610380118,0.020000000000000018,2.9,47.09681363853875,45.742165677500736,48.27027142238588
1.7878451363056556,0.020000000000000018,2.92,47.68354253046232,45.89569739415666,48.27027142238588
1.9636306419203962,0.020000000000000018,2.94,48.27027142238588,46.306640780465486,48.27027142238588
3.1992215786520433,0.020000000000000018,2.96,48.857000314309445,45.6577787356574,48.27027142238588
2.4468644039594096,0.020000000000000018,2.98,49.443729206233016,46.996864802273606,48.27027142238588
-1.4464756462665278,0.020000000000000018,3.0,46.801273355324476,48.247749001591,47.25556927353377
-3.596866802974283,0.020000000000000018,3.02,47.028421314429124,50.62528811740341,47.25556927353377
-4.322496622500459,0.020000000000000018,3.04,47.25556927353377,51.57806589603423,47.25556927353377
-3.870615607121394,0.020000000000000018,3.06,47.48271723263843,51.35333283975982,47.25556927353377
-4.629481435675082,0.020000000000000018,3.08,47.70986519174308,52.33934662741816,47.25556927353377
0.16318242508481262,0.020000000000000018,3.1,53.50212848864436,53.33894606355955,55.2843764834465
-1.5381816429822237,0.020000000000000018,3.12,54.39325248604543,55.93143412902765,55.2843764834465
1.2080981231005836,0.020000000000000018,3.14,55.28437648344649,54.07627836034591,55.2843764834465
2.948426027450843,0.020000000000000018,3.16,56.17550048084757,53.227074453396725,55.2843764834465
2.6879381672781832,0.020000000000000018,3.18,57.066624478248634,54.37868631097045,55.2843764834465
-0.5804092767820492,0.020000000000000018,3.2,55.86348370534637,56.44389298212842,57.0830704418539
1.4139616481827346,0.020000000000000018,3.22,56.47327707360014,55.0593154254174,57.0830704418539
0.12668534240691542,0.020000000000000018,3.24,57.083070441853906,56.95638509944699,57.0830704418539
-0.38713501136121664,0.019999999999999574,3.26,57.69286381010766,58.07999882146888,57.0830704418539
0.1659912223978992,0.020000000000000018,3.28,58.30265717836143,58.13666595596353,57.0830704418539
-1.5012174960132754,0.020000000000000018,3.3,58.766401219348545,60.26761871536182,59.961793856120096
0.08839719380754474,0.020000000000000018,3.32,59.364097537734324,59.27570034392678,59.961793856120096
0.33041883947756645,0.020000000000000018,3.34,59.961793856120096,59.63137501664253,59.961793856120096
1.8810239046267014,0.020000000000000018,3.36,60.55949017450587,58.678466269879166,59.961793856120096
0.3352066250731838,0.020000000000000018,3.38,61.15718649289164,60.821979867818456,59.961793856120096
0.6372822739389079,0.020000000000000018,3.4,61.477625153371896,60.84034287943299,62.631005179751654
2.8910533198412693,0.020000000000000018,3.42,62.05431516656178,59.16326184672051,62.631005179751654
3.6473859031951505,0.020000000000000018,3.44,62.631005179751654,58.9836192765565,62.631005179751654
3.0189396795893018,0.020000000000000018,3.46,63.20769519294153,60.18875551335223,62.631005179751654
4.260373953837508,0.020000000000000018,3.48,63.784385206131404,59.524011252293896,62.631005179751654
0.9056126342222584,0.020000000000000018,3.5,59.25784727737826,58.352234643156,58.93641335984897
0.6083262539912511,0.020000000000000018,3.52,59.09713031861362,58.48880406462237,58.93641335984897
-0.3192589570026243,0.020000000000000018,3.54,58.93641335984898,59.2556723168516,58.93641335984897
0.14803683859269512,0.020000000000000018,3.56,58.77569640108433,58.62765956249164,58.93641335984897
1.0420637807049005,0.020000000000000018,3.58,58.614979442319694,57.57291566161479,58.93641335984897
-0.2571688381508608,0.020000000000000018,3.6,58.033522510183325,58.290691348334185,57.749566017140694
-1.2874329203029902,0.020000000000000018,3.62,57.89154426366201,59.178977183965,57.749566017140694
-0.31065889309926575,0.020000000000000018,3.64,57.7495660171407,58.06022491023997,57.749566017140694
-1.4428028663383117,0.020000000000000018,3.66,57.60758777061939,59.0503906369577,57.749566017140694
-1.5453474784314878,0.020000000000000018,3.68,57.46560952409808,59.010957002529565,57.749566017140694
0.2055722845875536,0.020000000000000018,3.7,59.11183164481976,58.906259360232205,59.37422059709646
-2.6060457085833093,0.020000000000000018,3.72,59.24302612095811,61.84907182954142,59.37422059709646
-1.079864836047875,0.020000000000000018,3.74,59.37422059709647,60.45408543314434,59.37422059709646
-0.8524732904609706,0.019999999999999574,3.76,59.505415073234815,60.357888363695785,59.37422059709646
0.47427524955554645,0.020000000000000018,3.78,59.63660954937316,59.162334299817616,59.37422059709646
-0.7497307752305034,0.020000000000000018,3.8,59.85221778128347,60.601948556513975,59.65641106394857
0.13278451245728462,0.020000000000000018,3.82,59.75431442261602,59.621529910158735,59.65641106394857
1.2393322343152704,0.020000000000000018,3.84,59.65641106394857,58.4170788296333,59.65641106394857
2.0366718921073925,0.020000000000000018,3.86,59.558507705281116,57.52183581317372,59.65641106394857
0.32693969700260084,0.020000000000000018,3.88,59.460604346613664,59.13366464961106,59.65641106394857
-1.2253153765566367,0.020000000000000018,3.9,57.54833297858081,58.773648355137446,56.541080596422674
-0.4069756864345351,0.020000000000000018,3.92,57.044706787501745,57.45168247393628,56.541080596422674
-3.095480398017962,0.020000000000000018,3.94,56.54108059642268,59.63656099444064,56.541080596422674
-2.407166707592623,0.020000000000000018,3.96,56.03745440534361,58.44462111293623,56.541080596422674
-2.842708567876471,0.020000000000000018,3.98,55.533828214264545,58.37653678214102,56.541080596422674
-0.014454189380806781,0.020000000000000018,4.0,58.596224591619595,58.6106787810004,58.63596769022102
-0.6343796382250986,0.019999999999999574,4.02,58.61609614092031,59.25047577914541,58.63596769022102
-3.23439585792579,0.020000000000000462,4.04,58.63596769022102,61.87036354814681,58.63596769022102
-4.545334828264828,0.019999999999999574,4.06,58.65583923952173,63.20117406778656,58.63596769022102
-4.780342677403809,0.020000000000000462,4.08,58.67571078882245,63.45605346622626,58.63596769022102
-1.04104215452395,0.019999999999999574,4.1,65.37018342618883,66.41122558071278,68.09847295800738
1.7160039649853758,0.020000000000000462,4.12,66.73432819209813,65.01832422711276,68.09847295800738
3.899585592004783,0.019999999999999574,4.14,68.09847295800736,64.19888736600258,68.09847295800738
5.122832245268697,0.020000000000000462,4.16,69.46261772391668,64.33978547864798,68.09847295800738
7.084110666516679,0.019999999999999574,4.18,70.82676248982591,63.74265182330923,68.09847295800738
-0.7249847375525675,0.020000000000000462,4.2,62.93746901617571,63.66245375372828,61.73433176352135
-2.6258913885264477,0.019999999999999574,4.22,62.33590038984854,64.96179177837499,61.73433176352135
-4.436843688493134,0.020000000000000462,4.24,61.73433176352135,66.17117545201448,61.73433176352135
-6.013547775498516,0.019999999999999574,4.26,61.13276313719418,67.1463109126927,61.73433176352135
-7.262508796807396,0.020000000000000462,4.28,60.53119451086698,67.79370330767438,61.73433176352135
1.0338260665820656,0.019999999999999574,4.3,69.08119251355973,68.04736644697766,71.17059616200173
3.03100037802065,0.020000000000000462,4.32,70.12589433778075,67.0948939597601,71.17059616200173
2.0192767954439574,0.019999999999999574,4.34,71.17059616200173,69.15131936655777,71.17059616200173
2.1449353174608206,0.020000000000000462,4.36,72.21529798622274,70.07036266876192,71.17059616200173
2.9943436041528457,0.019999999999999574,4.38,73.25999981044372,70.26565620629087,71.17059616200173
-0.5902471395256583,0.020000000000000462,4.4,71.10946839058289,71.69971553010855,72.44509202887372
-0.27653638949608705,0.019999999999999574,4.42,71.77728020972829,72.05381659922438,72.44509202887372
-1.1143318476292876,0.020000000000000462,4.44,72.44509202887372,73.559423876503,72.44509202887372
0.4118515409984127,0.019999999999999574,4.46,73.11290384801912,72.7010523070207,72.44509202887372
0.9337138853946385,0.020000000000000462,4.48,73.78071566716454,72.8470017817699,72.44509202887372
3.5217631492752446,0.019999999999999574,4.5,74.47493861930711,70.95317547003187,75.80657254167615
4.3815909419085415,0.019999999999999574,4.52,75.14075558049161,70.75916463858307,75.80657254167615
7.314211587411194,0.020000000000000462,4.54,75.80657254167615,68.49236095426495,75.80657254167615
7.521513488271111,0.019999999999999574,4.56,76.47238950286065,68.95087601458954,75.80657254167615
7.93481820551483,0.020000000000000462,4.58,77.1382064640452,69.20338825853037,75.80657254167615
-2.3240376951566475,0.019999999999999574,4.6,68.07943415310113,70.40347184825778,67.01786154370185
-3.548607125444647,0.020000000000000462,4.62,67.54864784840149,71.09725497384613,67.01786154370185
-4.737805932758462,0.019999999999999574,4.64,67.01786154370187,71.75566747646033,67.01786154370185
-5.059278258162379,0.020000000000000462,4.66,66.48707523900221,71.54635349716459,67.01786154370185
-5.782142258573003,0.019999999999999574,4.68,65.95628893430259,71.7384311928756,67.01786154370185
1.077618317142452,0.020000000000000462,4.7,72.2439409614869,71.16632264434445,72.8677444039977
4.565545091295348,0.019999999999999574,4.72,72.55584268274231,67.99029759144696,72.8677444039977
4.943318922820893,0.020000000000000462,4.74,72.86774440399772,67.92442548117683,72.8677444039977
4.344528667462967,0.019999999999999574,4.76,73.17964612525311,68.83511745779015,72.8677444039977
4.582628645279755,0.020000000000000462,4.78,73.49154784650854,68.90891920122878,72.8677444039977
-0.7936512616970219,0.019999999999999574,4.8,67.86402036923077,68.6576716309278,67.13002296525313
-0.5396490085896914,0.020000000000000462,4.82,67.49702166724195,68.03667067583164,67.13002296525313
-4.001268101349794,0.019999999999999574,4.84,67.13002296525315,71.13129106660294,67.13002296525313
-5.299091039948138,0.020000000000000462,4.86,66.76302426326431,72.06211530321245,67.13002296525313
-5.2104750675364215,0.019999999999999574,4.88,66.39602556127551,71.60650062881193,67.13002296525313
1.9253935719199262,0.020000000000000462,4.9,73.27578064802148,71.35038707610155,75.26040117265129
3.3247213574329066,0.019999999999999574,4.92,74.26809091033637,70.94336955290346,75.26040117265129
4.570644911499997,0.020000000000000462,4.94,75.26040117265129,70.68975626115129,75.26040117265129
6.152782025123358,0.019999999999999574,4.96,76.25271143496616,70.0999294098428,75.26040117265129
6.79770024610653,0.020000000000000462,4.98,77.24502169728108,70.44732145117455,75.26040117265129
-0.5179510595481105,0.019999999999999574,5.0,69.91128133236015,70.42923239190826,69.38136705377724
-0.5673799873599137,0.019999999999999574,5.02,69.6463241930687,70.2137041804286,69.38136705377724
-1.1295772492310476,0.020000000000000462,5.04,69.38136705377724,70.51094430300829,69.38136705377724
-0.14544099947994482,0.019999999999999574,5.06,69.11640991448579,69.26185091396573,69.38136705377724
1.4869623041808495,0.020000000000000462,5.08,68.85145277519432,67.36449047101347,69.38136705377724
0.5793361853659462,0.019999999999999574,5.1,67.43164331958792,66.85230713422197,66.01537589793747
-0.04771571403890107,0.020000000000000462,5.12,66.72350960876268,66.77122532280158,66.01537589793747
-1.8905323347634067,0.019999999999999574,5.14,66.01537589793749,67.9059082327009,66.01537589793747
-4.609938845272239,0.020000000000000462,5.16,65.30724218711225,69.91718103238449,66.01537589793747
-7.091884414088469,0.019999999999999574,5.18,64.59910847628704,71.69099289037551,66.01537589793747
-2.111644595577175,0.020000000000000462,5.2,68.70081508688352,70.8124596824607,68.55864468673899
-2.167827711111869,0.019999999999999574,5.22,68.62972988681126,70.79755759792313,68.55864468673899
-3.086362326365517,0.020000000000000462,5.24,68.55864468673899,71.6450070131045,68.55864468673899
-2.4036794032164153,0.019999999999999574,5.26,68.48755948666673,70.89123888988314,68.55864468673899
-0.7411213419517964,0.020000000000000462,5.28,68.41647428659445,69.15759562854625,68.55864468673899
0.9057560209832047,0.019999999999999574,5.3,69.69595771762364,68.79020169664044,69.0527483544499
0.8664318495329866,0.020000000000000462,5.32,69.37435303603677,68.50792118650378,69.0527483544499
1.3306184761627122,0.019999999999999574,5.34,69.0527483544499,67.72212987828719,69.0527483544499
0.9653338638930222,0.020000000000000462,5.36,68.73114367286303,67.76580980897,69.0527483544499
-0.09790392841050277,0.019999999999999574,5.38,68.40953899127616,68.50744291968667,69.0527483544499
-0.8229943777328828,0.020000000000000462,5.4,67.8664124185853,68.68940679631818,67.60488663229704
-1.1239350446946759,0.019999999999999574,5.42,67.73564952544118,68.85958457013585,67.60488663229704
-2.33794588694893,0.020000000000000462,5.44,67.60488663229704,69.94283251924597,67.60488663229704
-0.9589139692801041,0.019999999999999574,5.46,67.47412373915292,68.43303770843302,67.60488663229704
-0.736635112269596,0.020000000000000462,5.48,67.34336084600879,68.07999595827839,67.60488663229704
-0.24310227822923025,0.019999999999999574,5.5,68.30736094914735,68.55046322737658,67.9782872415909
0.5465903630905444,0.019999999999999574,5.52,68.14282409536914,67.59623373227859,67.9782872415909
0.7822350948765404,0.020000000000000462,5.54,67.9782872415909,67.19605214671436,67.9782872415909
-0.5639518086135382,0.019999999999999574,5.56,67.81375038781269,68.37770219642623,67.9782872415909
0.5711203530133133,0.020000000000000462,5.58,67.64921353403447,67.07809318102116,67.9782872415909
-0.16107855477170574,0.019999999999999574,5.6,67.11072740819456,67.27180596296627,66.67807308248193
-0.26774461567282515,0.020000000000000462,5.62,66.89440024533825,67.16214486101107,66.67807308248193
-1.3933598963051281,0.019999999999999574,5.64,66.67807308248193,68.07143297878706,66.67807308248193
-1.6110061852619708,0.020000000000000462,5.66,66.46174591962561,68.07275210488758,66.67807308248193
-1.158659223305179,0.019999999999999574,5.68,66.24541875676931,67.40407798007449,66.67807308248193
-0.37139449917255263,0.020000000000000462,5.7,67.94898816097303,68.32038266014558,68.18401841659163
-1.9346819139864522,0.019999999999999574,5.72,68.06650328878233,70.00118520276878,68.18401841659163
-0.7342567250028935,0.020000000000000462,5.74,68.18401841659164,68.91827514159453,68.18401841659163
-2.344652565902493,0.019999999999999574,5.76,68.30153354440094,70.64618611030343,68.18401841659163
-2.1567262342484383,0.020000000000000462,5.78,68.41904867221024,70.57577490645868,68.18401841659163
0.1695900192701174,0.019999999999999574,5.8,71.2390964243019,71.06950640503179,72.27025350433405
0.9279277734064806,0.020000000000000462,5.82,71.75467496431799,70.8267471909115,72.27025350433405
-0.9695147264159658,0.019999999999999574,5.84,72.27025350433405,73.23976823075002,72.27025350433405
-0.5344418457883506,0.020000000000000462,5.86,72.78583204435013,73.32027389013848,72.27025350433405
-0.6085691276565939,0.019999999999999574,5.88,73.3014105843662,73.90997971202279,72.27025350433405
0.4636507130764329,0.020000000000000462,5.9,74.92559707973291,74.46194636665648,76.56049174237464
2.820549493185169,0.019999999999999574,5.92,75.74304441105376,72.92249491786859,76.56049174237464
2.5923051233058487,0.020000000000000462,5.94,76.56049174237464,73.96818661906879,76.56049174237464
2.7165740864371486,0.019999999999999574,5.96,77.37793907369549,74.66136498725834,76.56049174237464
3.7077555887507145,0.020000000000000462,5.98,78.19538640501636,74.48763081626565,76.56049174237464
-0.582398751787963,0.019999999999999574,6.0,74.63739643200542,75.21979518379338,74.99544422572698
-1.5940397583578658,0.019999999999999574,6.02,74.8164203288662,76.41046008722407,74.99544422572698
-1.4369220629478292,0.020000000000000462,6.04,74.99544422572698,76.43236628867481,74.99544422572698
-0.06511784209615712,0.019999999999999574,6.06,75.17446812258777,75.23958596468393,74.99544422572698
0.7372569336442751,0.020000000000000462,6.08,75.35349201944857,74.61623508580429,74.99544422572698
0.9209933532775523,0.019999999999999574,6.1,74.87029022648065,73.9492968732031,74.39469136277707
1.650014134616029,0.020000000000000462,6.12,74.63249079462885,72.98247666001282,74.39469136277707
1.6969050860030706,0.019999999999999574,6.14,74.39469136277707,72.697786276774,74.39469136277707
1.1238841380771163,0.020000000000000462,6.16,74.15689193092525,73.03300779284814,74.39469136277707
1.7971746754616333,0.019999999999999574,6.18,73.91909249907347,72.12191782361184,74.39469136277707
-0.520946632062163,0.020000000000000462,6.2,71.87562899538622,72.39657562744839,71.15478360211681
-2.023782603796704,0.019999999999999574,6.22,71.51520629875152,73.53898890254823,71.15478360211681
-3.3221178351818708,0.020000000000000462,6.24,71.15478360211681,74.47690143729868,71.15478360211681
-4.346346071406899,0.019999999999999574,6.26,70.79436090548212,75.14070697688902,71.15478360211681
-4.019883877046553,0.020000000000000462,6.28,70.43393820884741,74.45382208589396,71.15478360211681
0.6350891345184948,0.019999999999999574,6.3,75.71626230338521,75.08117316886671,76.85950450163159
2.3165486753998863,0.020000000000000462,6.32,76.28788340250841,73.97133472710853,76.85950450163159
3.1451254885553226,0.019999999999999574,6.34,76.85950450163159,73.71437901307627,76.85950450163159
3.332227106717653,0.020000000000000462,6.36,77.43112560075478,74.09889849403713,76.85950450163159
6.2964253908957915,0.019999999999999574,6.38,78.00274669987796,71.70632130898217,76.85950450163159
-2.2676959497004106,0.020000000000000462,6.4,71.72777935656181,73.99547530626222,70.40335136599376
-0.7137615164109121,0.019999999999999574,6.42,71.0655653612778,71.77932687768872,70.40335136599376
-0.3231911716774647,0.020000000000000462,6.44,70.40335136599376,70.72654253767122,70.40335136599376
-1.3703922154249568,0.019999999999999574,6.46,69.74113737070975,71.11152958613471,70.40335136599376
-0.4981844421669166,0.020000000000000462,6.48,69.0789233754257,69.57710781759262,70.40335136599376
0.9043962745067944,0.019999999999999574,6.5,69.60407663783991,68.69968036333312,68.52330127569357
0.3895331594003437,0.019999999999999574,6.52,69.06368895676675,68.67415579736641,68.52330127569357
-0.21192429840239413,0.020000000000000462,6.54,68.52330127569358,68.73522557409598,68.52330127569357
-0.44385789731835246,0.019999999999999574,6.56,67.98291359462043,68.42677149193878,68.52330127569357
-0.6963610770953466,0.020000000000000462,6.58,67.44252591354726,68.1388869906426,68.52330127569357
-0.4939249342921954,0.019999999999999574,6.6,68.12425272823236,68.61817766252456,67.85045851807065
-1.4857279160454624,0.020000000000000462,6.62,67.9873556231515,69.47308353919696,67.85045851807065
-2.458224647743279,0.019999999999999574,6.64,67.85045851807065,70.30868316581393,67.85045851807065
-3.082399573343025,0.020000000000000462,6.66,67.71356141298979,70.79596098633282,67.85045851807065
-5.080537429544293,0.019999999999999574,6.68,67.57666430790894,72.65720173745324,67.85045851807065
1.152068711198325,0.020000000000000462,6.7,73.19089909736235,72.03883038616402,75.07108421676097
1.4386036113140932,0.019999999999999574,6.72,74.13099165706164,72.69238804574755,75.07108421676097
-1.5203770844679667,0.020000000000000462,6.74,75.07108421676097,76.59146130122893,75.07108421676097
-1.5858234564947793,0.019999999999999574,6.76,76.01117677646026,77.59700023295504,75.07108421676097
-0.5509771446407115,0.020000000000000462,6.78,76.95126933615958,77.5022464808003,75.07108421676097
2.5636423109880724,0.019999999999999574,6.8,80.03381860232427,77.4701762913362,83.2001074776202
3.6256437798655696,0.020000000000000462,6.82,81.61696303997226,77.99131926010669,83.2001074776202
6.398672745877292,0.019999999999999574,6.84,83.20010747762018,76.80143473174289,83.2001074776202
7.13688574985963,0.020000000000000462,6.86,84.78325191526818,77.64636616540855,83.2001074776202
9.178477620303852,0.019999999999999574,6.88,86.3663963529161,77.18791873261225,83.2001074776202
-0.6650761743082256,0.020000000000000462,6.9,77.14660257259649,77.81167874690472,76.96470893016733
-3.0933745008933045,0.019999999999999574,6.92,77.0556557513819,80.14903025227521,76.96470893016733
-5.430763593035763,0.020000000000000462,6.94,76.96470893016732,82.39547252320308,76.96470893016733
-6.361723612053453,0.019999999999999574,6.96,76.87376210895273,83.23548572100619,76.96470893016733
-7.010469091251466,0.020000000000000462,6.98,76.78281528773815,83.79328437898961,76.96470893016733
1.3382815280700981,0.019999999999999574,7.0,85.99189034434501,84.65360881627491,89.0018236909251
0.3297257230471615,0.019999999999999574,7.02,87.49685701763502,87.16713129458786,89.0018236909251
0.9346982229716616,0.020000000000000462,7.04,89.00182369092511,88.06712546795345,89.0018236909251
-0.641646857334635,0.019999999999999574,7.06,90.50679036421512,91.14843722154976,89.0018236909251
0.8066181410640638,0.020000000000000462,7.08,92.0117570375052,91.20513889644114,89.0018236909251
2.235802330982551,0.019999999999999574,7.1,92.9143231990033,90.67852086802075,95.80584460521581
3.9353611217101445,0.020000000000000462,7.12,94.36008390210958,90.42472278039943,95.80584460521581
6.807165727900809,0.019999999999999574,7.14,95.8058446052158,88.99867887731499,95.80584460521581
8.80659435822858,0.020000000000000462,7.16,97.25160530832207,88.44501095009349,95.80584460521581
12.470146350575831,0.019999999999999574,7.18,98.69736601142829,86.22721966085246,95.80584460521581
0.12644573761089362,0.020000000000000462,7.2,85.69013635394269,85.5636906163318,83.5136735050143
-0.23374794613118866,0.019999999999999574,7.22,84.60190492947851,84.8356528756097,83.5136735050143
-1.4951843464664165,0.020000000000000462,7.24,83.51367350501428,85.0088578514807,83.5136735050143
-3.84483051156316,0.019999999999999574,7.26,82.42544208055011,86.27027259211327,83.5136735050143
-4.867111139161821,0.020000000000000462,7.28,81.33721065608589,86.20432179524771,83.5136735050143
2.2766095470944805,0.019999999999999574,7.3,86.39132376845907,84.1147142213646,86.93450018332616
2.409686889918774,0.020000000000000462,7.32,86.66291197589263,84.25322508597385,86.93450018332616
3.9188891563879764,0.019999999999999574,7.34,86.93450018332616,83.01561102693819,86.93450018332616
5.6984110147795946,0.020000000000000462,7.36,87.20608839075972,81.50767737598012,86.93450018332616
4.872828264195164,0.019999999999999574,7.38,87.47767659819326,82.60484833399809,86.93450018332616
-2.4400633354809855,0.020000000000000462,7.4,81.36963136343205,83.80969469891303,80.21657546648674
-2.053485938524858,0.019999999999999574,7.42,80.7931034149594,82.84658935348426,80.21657546648674
-2.93989451015959,0.020000000000000462,7.44,80.21657546648674,83.15646997664633,80.21657546648674
-3.5396656605195034,0.019999999999999574,7.46,79.6400475180141,83.1797131785336,80.21657546648674
-3.216191821179038,0.020000000000000462,7.48,79.06351956954143,82.27971139072046,80.21657546648674
1.186372014242039,0.019999999999999574,7.5,82.23638288226017,81.05001086801813,81.69101432399303
1.7664831495275024,0.019999999999999574,7.52,81.96369860312662,80.19721545359911,81.69101432399303
-0.49376060371268693,0.020000000000000462,7.54,81.69101432399303,82.18477492770572,81.69101432399303
-0.9510779749703175,0.019999999999999574,7.56,81.41833004485947,82.36940801982979,81.69101432399303
-2.4509429443045434,0.020000000000000462,7.58,81.14564576572589,83.59658871003043,81.69101432399303
1.1661529494434149,0.019999999999999574,7.6,84.05920407091395,82.89305112147053,85.51227372096494
0.5412181815705139,0.020000000000000462,7.62,84.78573889593946,84.24452071436895,85.51227372096494
3.09155508052946,0.019999999999999574,7.64,85.51227372096494,82.42071864043548,85.51227372096494
2.003208777144451,0.020000000000000462,7.66,86.23880854599047,84.23559976884601,85.51227372096494
3.014470523022297,0.019999999999999574,7.68,86.96534337101593,83.95087284799364,85.51227372096494
1.5135555911313077,0.020000000000000462,7.7,84.18096937088168,82.66741377975038,84.60231387238636
2.189696060789842,0.019999999999999574,7.72,84.39164162163402,82.20194556084418,84.60231387238636
2.2413929977770977,0.020000000000000462,7.74,84.60231387238636,82.36092087460926,84.60231387238636
3.6030436857213317,0.019999999999999574,7.76,84.8129861231387,81.20994243741737,84.60231387238636
5.265516051579198,0.020000000000000462,7.78,85.02365837389104,79.75814232231184,84.60231387238636
-0.045563302416837814,0.019999999999999574,7.8,79.59650918349564,79.64207248591248,78.23439997583489
-0.0899828790672359,0.020000000000000462,7.82,78.91545457966527,79.0054374587325,78.23439997583489
0.39405676134238377,0.019999999999999574,7.84,78.2343999758349,77.84034321449252,78.23439997583489
1.5582061014008843,0.020000000000000462,7.86,77.55334537200451,75.99513927060363,78.23439997583489
0.8219145510701935,0.019999999999999574,7.88,76.87229076817417,76.05037621710397,78.23439997583489
-2.2767787724272495,0.020000000000000462,7.9,75.26205818989274,77.53883696231999,73.658016309062
-1.218739362575377,0.019999999999999574,7.92,74.4600372494774,75.67877661205277,73.658016309062
-0.82978283971228,0.020000000000000462,7.94,73.658016309062,74.48779914877429,73.658016309062
-0.29665350731463036,0.019999999999999574,7.96,72.85599536864665,73.15264887596128,73.658016309062
-0.8983374768717454,0.020000000000000462,7.98,72.05397442823126,72.952311905103,73.658016309062
-0.5760334994993883,0.019999999999999574,8.0,72.30347270454638,72.87950620404577,70.87030576191648
0.12484880195727044,0.019999999999999574,8.02,71.58688923323145,71.46204043127418,70.87030576191648
-2.124535471547034,0.019999999999999574,8.04,70.87030576191651,72.99484123346355,70.87030576191648
-3.293053407558105,0.02000000000000135,8.06,70.15372229060152,73.44677569815963,70.87030576191648
-2.8889682007698667,0.019999999999999574,8.08,69.43713881928659,72.32610702005645,70.87030576191648
0.6202495217842454,0.019999999999999574,8.1,72.88523518707053,72.26498566528629,73.06082256685188
1.443347462291129,0.019999999999999574,8.12,72.97302887696121,71.52968141467008,73.06082256685188
0.4690393792158858,0.02000000000000135,8.14,73.06082256685188,72.591783187636,73.06082256685188
1.1993795381977321,0.019999999999999574,8.16,73.14861625674256,71.94923671854482,73.06082256685188
1.3387630605663645,0.019999999999999574,8.18,73.23640994663323,71.89764688606687,73.06082256685188
0.21202170001107845,0.019999999999999574,8.2,71.95213009807011,71.74010839805904,71.88910564715731
-0.19027704946178403,0.02000000000000135,8.22,71.9206178726137,72.11089492207549,71.88910564715731
-0.7845476090960517,0.019999999999999574,8.24,71.8891056471573,72.67365325625335,71.88910564715731
-0.06470145276462347,0.019999999999999574,8.26,71.8575934217009,71.92229487446552,71.88910564715731
-0.36425058610797123,0.019999999999999574,8.28,71.82608119624449,72.19033178235246,71.88910564715731
-1.1633210053981884,0.02000000000000135,8.3,72.34101066293383,73.50433166833201,72.48338000712923
0.011389784742419806,0.019999999999999574,8.32,72.41219533503153,72.4008055502891,72.48338000712923
-0.7994100852320543,0.019999999999999574,8.34,72.48338000712921,73.28279009236127,72.48338000712923
-2.167570758406768,0.019999999999999574,8.36,72.55456467922691,74.72213543763368,72.48338000712923
-1.7405287199011212,0.02000000000000135,8.38,72.62574935132461,74.36627807122574,72.48338000712923
-1.2399824967848758,0.019999999999999574,8.4,74.86883497190821,76.10881746869309,75.67787951053455
2.203829745513218,0.019999999999999574,8.42,75.27335724122139,73.06952749570817,75.67787951053455
0.9022352676300045,0.019999999999999574,8.44,75.67787951053455,74.77564424290455,75.67787951053455
3.1162517188159313,0.02000000000000135,8.46,76.08240177984776,72.96615006103183,75.67787951053455
4.599157980067318,0.019999999999999574,8.48,76.48692404916093,71.88776606909362,75.67787951053455
-0.40974251273399886,0.019999999999999574,8.5,71.1979369973245,71.6076795100585,69.48884095054947
-2.8035317713540167,0.019999999999999574,8.52,70.34338897393701,73.14692074529103,69.48884095054947
-4.717369680599987,0.019999999999999574,8.54,69.48884095054952,74.2062106311495,69.48884095054947
-7.382366927746432,0.02000000000000135,8.56,68.63429292716195,76.01665985490838,69.48884095054947
-8.472928385006767,0.019999999999999574,8.58,67.77974490377446,76.25267328878122,69.48884095054947
3.788033569566011,0.019999999999999574,8.6,77.89394680615729,74.10591323659128,80.32589213956976
4.690468751124854,0.019999999999999574,8.62,79.10991947286348,74.41945072173863,80.32589213956976
5.878252695874025,0.02000000000000135,8.64,80.3258921395698,74.44763944369578,80.32589213956976
7.50177832422392,0.019999999999999574,8.66,81.54186480627601,74.04008648205209,80.32589213956976
7.845173605753928,0.019999999999999574,8.68,82.75783747298222,74.91266386722829,80.32589213956976
2.7891763169307353,0.019999999999999574,8.7,74.75539185673726,71.96621553980653,75.00221926105476
3.4800276324242674,0.02000000000000135,8.72,74.87880555889602,71.39877792647175,75.00221926105476
3.025387184211496,0.019999999999999574,8.74,75.00221926105476,71.97683207684327,75.00221926105476
5.507675425516737,0.019999999999999574,8.76,75.12563296321352,69.61795753769678,75.00221926105476
5.571771194760956,0.019999999999999574,8.78,75.24904666537226,69.6772754706113,75.00221926105476
-1.539038874619763,0.02000000000000135,8.8,69.01980155213522,70.55884042675498,67.74806144670224
-1.5293045156795984,0.019999999999999574,8.82,68.38393149941872,69.91323601509832,67.74806144670224
-1.511478188585457,0.019999999999999574,8.84,67.74806144670224,69.2595396352877,67.74806144670224
-0.37238479699840354,0.019999999999999574,8.86,67.11219139398574,67.48457619098414,67.74806144670224
1.5576039896578777,0.02000000000000135,8.88,66.4763213412692,64.91871735161132,67.74806144670224
-0.4518428989688914,0.019999999999999574,8.9,64.31431013162641,64.7661530305953,61.57252893674611
-3.9261046453505344,0.019999999999999574,8.92,62.94341953418629,66.86952417953682,61.57252893674611
-3.6900473230823465,0.019999999999999574,8.94,61.57252893674616,65.2625762598285,61.57252893674611
-4.981409956095355,0.02000000000000135,8.96,60.20163833930591,65.18304829540126,61.57252893674611
-4.274449896845979,0.019999999999999574,8.98,58.830747741865785,63.105197638711765,61.57252893674611
-0.19718832077536774,0.019999999999999574,9.0,63.534783880445396,63.73197220122076,62.533106546865056
-1.6853034735388306,0.019999999999999574,9.02,63.03394521365524,64.71924868719407,62.533106546865056
0.3816505051909971,0.019999999999999574,9.04,62.53310654686508,62.15145604167408,62.533106546865056
1.4420227086505903,0.02000000000000135,9.06,62.032267880074876,60.590245171424286,62.533106546865056
0.8044994964748966,0.019999999999999574,9.08,61.53142921328472,60.72692971680982,62.533106546865056
-3.884766575389598,0.019999999999999574,9.1,59.342243818286775,63.22701039367637,57.314426121368456
-4.068274793658837,0.019999999999999574,9.12,58.328334969827644,62.39660976348648,57.314426121368456
-4.377435434519079,0.02000000000000135,9.14,57.31442612136842,61.6918615558875,57.314426121368456
-5.228662328979873,0.019999999999999574,9.16,56.30051727290929,61.52917960188916,57.314426121368456
-7.00791983910181,0.019999999999999574,9.18,55.28660842445016,62.29452826355197,57.314426121368456
-0.5959105276619141,0.019999999999999574,9.2,61.40811958914489,62.0040301168068,60.861640704775674
0.6344361370414333,0.02000000000000135,9.22,61.13488014696027,60.50044400991884,60.861640704775674
1.3083309215801862,0.019999999999999574,9.24,60.861640704775674,59.55330978319549,60.861640704775674
1.759622291036358,0.019999999999999574,9.26,60.588401262591084,58.828778971554726,60.861640704775674
3.555509922581514,0.019999999999999574,9.28,60.31516182040649,56.75965189782497,60.861640704775674
-2.7378652670977672,0.02000000000000135,9.3,55.88111651296264,58.61898178006041,53.44903221769715
-2.401658762166946,0.019999999999999574,9.32,54.66507436532991,57.06673312749685,53.44903221769715
-3.321300128465836,0.019999999999999574,9.34,53.44903221769717,56.77033234616301,53.44903221769715
-5.459099511621602,0.019999999999999574,9.36,52.232990070064446,57.69208958168605,53.44903221769715
-5.357747122365758,0.02000000000000135,9.38,51.016947922431605,56.37469504479736,53.44903221769715
-0.8085961737488887,0.019999999999999574,9.4,56.14560127113906,56.954197444887946,55.37295786787168
-3.49094368151367,0.019999999999999574,9.42,55.75927956950538,59.25022325101905,55.37295786787168
-6.088350661809777,0.019999999999999574,9.44,55.372957867871705,61.46130852968148,55.37295786787168
-7.631275329053565,0.02000000000000135,9.46,54.98663616623799,62.61791149529156,55.37295786787168
-8.189439276475568,0.019999999999999574,9.48,54.60031446460432,62.789753741079885,55.37295786787168
3.1241195200895717,0.019999999999999574,9.5,65.12631914338837,62.0021996232988,68.13407931071951
3.44772596928766,0.019999999999999574,9.52,66.63019922705391,63.18247325776625,68.13407931071951
5.123487041594707,0.019999999999999574,9.54,68.13407931071946,63.01059226912475,68.13407931071951
6.355821528066642,0.02000000000000135,9.56,69.63795939438513,63.28213786631849,68.13407931071951
9.462470629606152,0.019999999999999574,9.58,71.14183947805068,61.67936884844453,68.13407931071951
0.15869679505635048,0.019999999999999574,9.6,62.46755529064277,62.30885849558642,62.35835590241155
0.09247861048191908,0.019999999999999574,9.62,62.41295559652716,62.32047698604524,62.35835590241155
0.08213553603292922,0.02000000000000135,9.64,62.35835590241155,62.276220366378624,62.35835590241155
0.08984547345369265,0.019999999999999574,9.66,62.303756208295944,62.21391073484225,62.35835590241155
-0.04645197802788914,0.019999999999999574,9.68,62.24915651418034,62.29560849220823,62.35835590241155
0.5619531759113201,0.019999999999999574,9.7,62.12163101574452,61.5596778398332,61.99961149637858
1.4762152067531247,0.02000000000000135,9.72,62.060621256061545,60.58440604930842,61.99961149637858
1.42401132708099,0.019999999999999574,9.74,61.99961149637858,60.57560016929759,61.99961149637858
1.2792623614396632,0.019999999999999574,9.76,61.93860173669561,60.659339375255946,61.99961149637858
0.4253607023647561,0.019999999999999574,9.78,61.877591977012635,61.45223127464788,61.99961149637858
-3.781367597923605,0.02000000000000135,9.8,60.92426300034056,64.70563059826416,60.896271039455904
-2.9662052138453276,0.019999999999999574,9.82,60.910267019898235,63.87647223374356,60.896271039455904
-2.721535926532283,0.019999999999999574,9.84,60.89627103945591,63.617806965988194,60.896271039455904
-3.9649961756930523,0.019999999999999574,9.86,60.88227505901359,64.84727123470664,60.896271039455904
-3.8279075088518866,0.02000000000000135,9.88,60.868279078571256,64.69618658742314,60.896271039455904
0.5322163557590471,0.019999999999999574,9.9,64.63424681780896,64.10203046204991,64.82462901366515
1.389352145628969,0.019999999999999574,9.92,64.72943791573704,63.34008577010807,64.82462901366515
-1.1432367514631352,0.019999999999999574,9.94,64.82462901366513,65.96786576512827,64.82462901366515
-2.6919142256237905,0.02000000000000135,9.96,64.91982011159324,67.61173433721703,64.82462901366515
-2.642530340681546,0.019999999999999574,9.98,65.01501120952132,67.65754155020286,64.82462901366515
,0.019999999999999574,10.0,,67.87425853117142,
