prediction_errors,predicted_step_function_time_interval,changepoint_probs,prediction_times,predictions,actual_values,predicted_step_function
3.8016697250580815,0.0,5e-11,0.0,8.801669725058082,5.0,8.801669725058082
2.118106338503029,0.02,0.05250000002802714,0.02,8.801669725058082,6.683563386555052,8.801669725058082
1.433912654826786,0.02,0.054966669112078835,0.04,8.801669725058082,7.367757070231296,8.801669725058082
0.44637765312455535,0.019999999999999997,0.05744837056972733,0.06,8.801669725058082,8.355292071933526,8.801669725058082
-0.2331504004152425,0.020000000000000004,0.05992774186784627,0.08,8.801669725058082,9.034820125473324,8.801669725058082
-0.4077767758820485,0.020000000000000004,0.06238197108457147,0.1,8.801669725058082,9.20944650094013,8.801669725058082
-0.7486964475043685,0.01999999999999999,0.06474392298294702,0.12,8.801669725058082,9.55036617256245,8.801669725058082
-0.4598448507763351,0.020000000000000018,0.06683582443670026,0.14,8.801669725058082,9.261514575834417,8.801669725058082
-2.5819406736389485,0.01999999999999999,0.0695666486310959,0.16,8.801669725058082,11.38361039869703,8.801669725058082
-3.3686572232955143,0.01999999999999999,0.07181040128551872,0.18,8.801669725058082,12.170326948353596,8.801669725058082
-0.9895379276960412,0.020000000000000018,0.07324169372226748,0.2,12.4903999859096,13.47993791360564,15.508452017515385
-0.9873335590918959,0.01999999999999999,0.07237591921437717,0.22,13.16107821515533,14.148411774247226,15.508452017515385
-0.9458255856992057,0.01999999999999999,0.06844133412851273,0.24,13.831756444401059,14.777582030100264,15.508452017515385
0.2808500203710693,0.020000000000000018,0.06448949534636421,0.26,14.50243467364679,14.221584653275722,15.508452017515385
-0.23066089952169655,0.020000000000000018,0.06425608432227171,0.28,15.173112902892521,15.403773802414218,15.508452017515385
-0.47847408940098646,0.019999999999999962,0.06580857741706313,0.3,15.84379113213825,16.322265221539237,15.508452017515385
-2.7760339581842075,0.020000000000000018,0.06836255004712084,0.32,16.51446936138398,19.290503319568188,15.508452017515385
-1.4643373084395677,0.020000000000000018,0.06976204335171426,0.34,17.18514759062971,18.64948489906928,15.508452017515385
-3.9410219918579976,0.019999999999999962,0.06945373015073507,0.36,17.85582581987544,21.79684781173344,15.508452017515385
-5.082719642411785,0.020000000000000018,0.0668399120915859,0.38,18.526504049121172,23.609223691532957,15.508452017515385
-2.675054647023739,0.020000000000000018,0.06437720496444059,0.4,23.176207712595183,25.85126235961892,28.090409149684195
-6.5684836809453095,0.019999999999999962,0.06372165708419995,0.42,24.26825247639274,30.83673615733805,28.090409149684195
-5.619621116618401,0.020000000000000018,0.06422371202216655,0.44,25.360297240190295,30.979918356808696,28.090409149684195
-8.77632977633689,0.020000000000000018,0.065047275416801,0.46,26.452342003987855,35.228671780324746,28.090409149684195
-7.3104286518571655,0.019999999999999962,0.06556635331468115,0.48,27.54438676778541,34.85481541964258,28.090409149684195
-7.53148888835533,0.020000000000000018,0.06585680978974737,0.5,28.636431531582968,36.1679204199383,28.090409149684195
-7.359157189289153,0.020000000000000018,0.06624405989669953,0.52,29.728476295380528,37.08763348466968,28.090409149684195
-11.107675576859965,0.020000000000000018,0.0686644514233889,0.54,30.820521059178088,41.92819663603805,28.090409149684195
-12.426250343660413,0.020000000000000018,0.07051088613487151,0.56,31.912565822975644,44.33881616663606,28.090409149684195
-11.084908698551445,0.019999999999999907,0.0713509532467877,0.58,33.0046105867732,44.08951928532464,28.090409149684195
2.2061153567693594,0.020000000000000018,0.07115303673463202,0.6,46.8126908034978,44.60657544672844,55.547879546386376
1.9202381383628264,0.020000000000000018,0.06988728570792525,0.62,48.75384385747304,46.83360571911022,55.547879546386376
9.368097676370795,0.020000000000000018,0.0709557037298238,0.64,50.694996911448285,41.32689923507749,55.547879546386376
11.399906682152853,0.020000000000000018,0.07204390464945666,0.66,52.63614996542353,41.236243283270674,55.547879546386376
15.831254412696225,0.020000000000000018,0.07600283978959996,0.68,54.57730301939877,38.746048606702544,55.547879546386376
21.727782339691295,0.019999999999999907,0.08184909728028195,0.7,56.518456073374,34.7906737336827,55.547879546386376
21.554629782624154,0.020000000000000018,0.08467652585710617,0.72,58.45960912734924,36.904979344725085,55.547879546386376
18.3760773837232,0.020000000000000018,0.08631780146509549,0.74,60.40076218132448,42.02468479760128,55.547879546386376
21.516192296648597,0.020000000000000018,0.08809896495743469,0.76,62.34191523529972,40.825722938651126,55.547879546386376
20.872211398947044,0.020000000000000018,0.08963894138617087,0.78,64.28306828927496,43.41085689032792,55.547879546386376
-7.401862244019043,0.020000000000000018,0.09129609272795672,0.8,38.86139948802592,46.26326173204496,37.053848069475315
-6.902615186668349,0.019999999999999907,0.09279626311463493,0.82,38.459721395014675,45.362336581683024,37.053848069475315
-12.296491398189119,0.020000000000000018,0.09475651412513214,0.84,38.05804330200343,50.35453470019255,37.053848069475315
-11.816120668938566,0.020000000000000018,0.09568375699872846,0.86,37.656365208992185,49.47248587793075,37.053848069475315
-21.01172978975012,0.020000000000000018,0.08627153199755166,0.88,37.25468711598094,58.26641690573106,37.053848069475315
-25.26158436652745,0.020000000000000018,0.06260223561964962,0.9,36.853009022969694,62.114593389497145,37.053848069475315
-29.209070794146697,0.020000000000000018,0.059487206873795245,0.92,36.451330929958445,65.66040172410514,37.053848069475315
-25.26827352564859,0.019999999999999907,0.06080206122866601,0.94,36.0496528369472,61.31792636259579,37.053848069475315
-20.49875163524819,0.020000000000000018,0.06362025393181031,0.96,35.64797474393596,56.14672637918415,37.053848069475315
-27.581370501978704,0.020000000000000018,0.06516800105825214,0.98,35.24629665092471,62.827667152903416,37.053848069475315
2.062488008792158,0.020000000000000018,0.06688749649339674,1.0,66.83861040407146,64.7761223952793,75.88768112328617
10.013036652154838,0.020000000000000018,0.06913307317771422,1.02,68.8495150083414,58.83647835618656,75.88768112328617
12.650418861166607,0.020000000000000018,0.0714860505156275,1.04,70.86041961261134,58.21000075144473,75.88768112328617
18.10623726205288,0.020000000000000018,0.07456610191558782,1.06,72.87132421688128,54.7650869548284,75.88768112328617
20.083555219619413,0.020000000000000018,0.07745638985843346,1.08,74.88222882115122,54.7986736015318,75.88768112328617
17.56228348857114,0.020000000000000018,0.07962248940566767,1.1,76.89313342542115,59.330849936850015,75.88768112328617
14.651871866454115,0.020000000000000018,0.08178844958177298,1.12,78.9040380296911,64.25216616323698,75.88768112328617
19.110427047608837,0.019999999999999796,0.08393441181771766,1.14,80.91494263396102,61.80451558635218,75.88768112328617
16.277244918226742,0.020000000000000018,0.08630879394423674,1.16,82.92584723823096,66.64860232000422,75.88768112328617
13.305936716926567,0.020000000000000018,0.08881493649030392,1.18,84.9367518425009,71.63081512557433,75.88768112328617
-5.429198342698115,0.020000000000000018,0.09033888679047558,1.2,67.08343413427745,72.51263247697557,71.64733660121723
-2.212690549200161,0.020000000000000018,0.0904123495104266,1.22,68.0976346824863,70.31032523168646,71.64733660121723
-4.743882695474298,0.020000000000000018,0.08239937033215602,1.24,69.11183523069514,73.85571792616943,71.64733660121723
-4.069390465702483,0.020000000000000018,0.07059522067287508,1.26,70.12603577890398,74.19542624460647,71.64733660121723
-3.0810973372325066,0.020000000000000018,0.06623565052565535,1.28,71.14023632711283,74.22133366434534,71.64733660121723
-8.917787453838628,0.020000000000000018,0.06705677025156725,1.3,72.15443687532166,81.07222432916029,71.64733660121723
-5.826369918063492,0.020000000000000018,0.06879828588924143,1.32,73.16863742353051,78.995007341594,71.64733660121723
-2.3259770158915103,0.020000000000000018,0.0709905353751517,1.34,74.18283797173936,76.50881498763087,71.64733660121723
4.808577499856753,0.020000000000000018,0.07361114778811176,1.36,75.1970385199482,70.38846102009144,71.64733660121723
2.744951845734093,0.019999999999999796,0.07602103888031327,1.38,76.21123906815703,73.46628722242293,71.64733660121723
5.056670297318675,0.020000000000000018,0.0785635217373851,1.4,76.00745512749981,70.95078483018114,77.19777228634379
11.38744971162832,0.020000000000000018,0.0814485568970951,1.42,76.27197005168736,64.88452034005904,77.19777228634379
20.873686221485116,0.020000000000000018,0.08235921405975707,1.44,76.53648497587493,55.66279875438981,77.19777228634379
21.085966035298007,0.020000000000000018,0.07722204655526589,1.46,76.80099990006248,55.71503386476447,77.19777228634379
16.619059463537198,0.020000000000000018,0.07395962711663115,1.48,77.06551482425003,60.44645536071283,77.19777228634379
18.182964964270965,0.020000000000000018,0.06736902938550411,1.5,77.33002974843758,59.147064784166616,77.19777228634379
22.05233669004803,0.020000000000000018,0.06368601983145547,1.52,77.59454467262513,55.542207982577104,77.19777228634379
26.089620705618934,0.020000000000000018,0.06451455137061331,1.54,77.85905959681268,51.76943889119375,77.19777228634379
28.325878575642747,0.020000000000000018,0.06642706492974472,1.56,78.12357452100024,49.79769594535749,77.19777228634379
29.49399350182985,0.020000000000000018,0.06860676910482252,1.58,78.38808944518779,48.89409594335794,77.19777228634379
-2.854594479078287,0.020000000000000018,0.07082940017970364,1.6,46.434255060228956,49.28884953930724,37.559637652499674
-14.006318590322877,0.020000000000000018,0.0735084246544993,1.62,44.462117858511334,58.46843644883421,37.559637652499674
-16.95293868632362,0.019999999999999796,0.07611277222673844,1.64,42.48998065679373,59.44291934311735,37.559637652499674
-22.835761005640116,0.020000000000000018,0.078884082635538,1.66,40.51784345507611,63.35360446071623,37.559637652499674
-27.86663179023553,0.020000000000000018,0.08163097588753242,1.68,38.54570625335849,66.41233804359402,37.559637652499674
-31.561114915166186,0.020000000000000018,0.08414873308052254,1.7,36.573569051640874,68.13468396680706,37.559637652499674
-36.350747163378195,0.020000000000000018,0.08571189727415568,1.72,34.60143184992325,70.95217901330145,37.559637652499674
-32.90941400051197,0.020000000000000018,0.08655602124128581,1.74,32.62929464820563,65.5387086487176,37.559637652499674
-40.483830223405555,0.020000000000000018,0.08267704062306862,1.76,30.657157446488007,71.14098766989356,37.559637652499674
-42.05627461470996,0.020000000000000018,0.07552762989163343,1.78,28.685020244770385,70.74129485948035,37.559637652499674
1.6731764174413257,0.020000000000000018,0.07175671778346349,1.8,75.57329628397515,73.90011986653383,84.7581203531918
-1.9737068343807778,0.020000000000000018,0.07264160846193624,1.82,77.61436829935663,79.5880751337374,84.7581203531918
-0.3542160050930647,0.020000000000000018,0.07273550335337368,1.84,79.65544031473812,80.00965631983118,84.7581203531918
-1.2985121563671527,0.020000000000000018,0.07337904640836852,1.86,81.69651233011959,82.99502448648674,84.7581203531918
-1.6492180190870585,0.019999999999999796,0.07363687077794823,1.88,83.73758434550105,85.3868023645881,84.7581203531918
0.2473939732856678,0.020000000000000018,0.0729992016344658,1.9,85.77865636088252,85.53126238759685,84.7581203531918
-0.8568886220052576,0.020000000000000018,0.07138188384379689,1.92,87.81972837626401,88.67661699826927,84.7581203531918
-0.24648912761487907,0.020000000000000018,0.07010894766109178,1.94,89.86080039164548,90.10728951926036,84.7581203531918
-4.9035817076428,0.020000000000000018,0.07074338543140271,1.96,91.90187240702696,96.80545411466976,84.7581203531918
-9.092467818682138,0.020000000000000018,0.07150856806697715,1.98,93.94294442240844,103.03541224109058,84.7581203531918
-6.749230512339665,0.020000000000000018,0.0713695115471763,2.0,101.61746093630754,108.3666914486472,113.90155242157223
-0.7476321954153775,0.020000000000000018,0.07091011733456348,2.02,104.34725904414414,105.09489123955952,113.90155242157223
2.348274920587002,0.020000000000000018,0.06991495554508667,2.04,107.07705715198074,104.72878223139374,113.90155242157223
-1.8420588934152136,0.020000000000000018,0.06838412354092267,2.06,109.80685525981734,111.64891415323255,113.90155242157223
-4.591459591713786,0.020000000000000018,0.06837079580629647,2.08,112.53665336765394,117.12811295936773,113.90155242157223
-7.411467425971054,0.020000000000000018,0.06939132023822922,2.1,115.26645147549053,122.67791890146158,113.90155242157223
-3.118416408078616,0.020000000000000018,0.07049797572725147,2.12,117.99624958332713,121.11466599140574,113.90155242157223
-12.066441435901396,0.020000000000000018,0.07206510125451146,2.14,120.72604769116373,132.79248912706512,113.90155242157223
-8.089036054437074,0.020000000000000018,0.07304114056880268,2.16,123.45584579900033,131.5448818534374,113.90155242157223
-5.219240633612031,0.020000000000000018,0.07330296892645077,2.18,126.18564390683693,131.40488454044896,113.90155242157223
3.3763957090051804,0.020000000000000018,0.07259747838403109,2.2,137.54219884654606,134.16580313754088,152.99926979359128
6.636357942274145,0.020000000000000018,0.07150466982718294,2.22,140.97710350144501,134.34074555917087,152.99926979359128
9.813643203521679,0.020000000000000018,0.07092735649083433,2.24,144.41200815634397,134.5983649528223,152.99926979359128
19.067199044883097,0.019999999999999574,0.07202473800958792,2.26,147.84691281124285,128.77971376635975,152.99926979359128
23.785542809994084,0.020000000000000018,0.07385426985937833,2.28,151.2818174661418,127.49627465614772,152.99926979359128
25.63399607250173,0.020000000000000018,0.07570938907036048,2.3,154.71672212104076,129.08272604853903,152.99926979359128
28.419935193018773,0.020000000000000018,0.07771241843520434,2.32,158.15162677593972,129.73169158292094,152.99926979359128
38.28112076768819,0.020000000000000018,0.08067517941796189,2.34,161.58653143083868,123.30541066315048,152.99926979359128
40.20331547364255,0.020000000000000018,0.08326413435455701,2.36,165.02143608573766,124.81812061209511,152.99926979359128
48.62969484505847,0.020000000000000018,0.08631710066215152,2.38,168.45634074063662,119.82664589557815,152.99926979359128
-13.189546440738383,0.020000000000000018,0.08853146737165545,2.4,120.3567771403161,133.54632358105448,113.6004177835849
-15.393687290881843,0.020000000000000018,0.09076121140009047,2.42,118.85536394993139,134.24905124081323,113.6004177835849
-13.727398950374436,0.020000000000000018,0.0930419719578186,2.44,117.35395075954668,131.0813497099211,113.6004177835849
-9.625526595048711,0.020000000000000018,0.09556961175894554,2.46,115.85253756916197,125.47806416421068,113.6004177835849
-22.35007471397452,0.020000000000000018,0.09786497528105399,2.48,114.35112437877726,136.70119909275178,113.6004177835849
-20.891152732136135,0.020000000000000018,0.10015906833463013,2.5,112.84971118839255,133.74086392052868,113.6004177835849
-16.570083014823922,0.020000000000000018,0.10259727682348783,2.52,111.34829799800782,127.91838101283174,113.6004177835849
-15.255945237378825,0.020000000000000018,0.10517477172026728,2.54,109.84688480762311,125.10283004500194,113.6004177835849
-19.008740098355958,0.020000000000000018,0.10763160218971045,2.56,108.3454716172384,127.35421171559436,113.6004177835849
-24.014367031728014,0.020000000000000018,0.10997861157566675,2.58,106.84405842685369,130.8584254585817,113.6004177835849
-3.579227541511628,0.020000000000000018,0.11232552126747539,2.6,127.33683856980441,130.91606611131604,124.66446740444783
-6.511754935802799,0.020000000000000018,0.11464504835262841,2.62,126.74297831083629,133.2547332466391,124.66446740444783
-10.757844074042907,0.020000000000000018,0.1169806604914569,2.64,126.14911805186816,136.90696212591106,124.66446740444783
-10.723175540341373,0.020000000000000018,0.11932093619218093,2.66,125.55525779290002,136.2784333332414,124.66446740444783
-10.74656163402939,0.020000000000000018,0.12164986065327257,2.68,124.9613975339319,135.7079591679613,124.66446740444783
-7.27129060724296,0.020000000000000018,0.12402229403378402,2.7,124.36753727496377,131.63882788220673,124.66446740444783
-8.480818529939071,0.020000000000000018,0.12636228699254815,2.72,123.77367701599563,132.2544955459347,124.66446740444783
-0.41923391042276137,0.020000000000000018,0.1291002287018095,2.74,123.1798167570275,123.59905066745026,124.66446740444783
1.5117591769504628,0.019999999999999574,0.13190369898618448,2.76,122.58595649805939,121.07419732110893,124.66446740444783
4.267256483338514,0.020000000000000018,0.13436601125508585,2.78,121.99209623909125,117.72483975575274,124.66446740444783
6.645821326001993,0.020000000000000018,0.13043024121164318,2.8,120.3800468284601,113.7342255024581,112.56190253885772
4.0336561027149,0.020000000000000018,0.10557343156021227,2.82,118.64268143077068,114.60902532805578,112.56190253885772
1.5202137403975797,0.020000000000000018,0.07641596121463845,2.84,116.90531603308126,115.38510229268368,112.56190253885772
1.1582705104541873,0.020000000000000018,0.06554450209902593,2.86,115.16795063539185,114.00968012493766,112.56190253885772
-13.274172889304765,0.020000000000000018,0.07380783796139752,2.88,113.43058523770243,126.7047581270072,112.56190253885772
-8.220733164709486,0.020000000000000018,0.07284421411185554,2.9,111.69321984001303,119.91395300472252,112.56190253885772
-11.625604256299525,0.020000000000000018,0.07418863001927307,2.92,109.95585444232361,121.58145869862314,112.56190253885772
-12.998176654605842,0.020000000000000018,0.07560546144558491,2.94,108.2184890446342,121.21666569924004,112.56190253885772
-21.083574206789763,0.020000000000000018,0.0806725137524635,2.96,106.48112364694478,127.56469785373454,112.56190253885772
-20.229659205427154,0.020000000000000018,0.08389720289406175,2.98,104.74375824925536,124.97341745468252,112.56190253885772
-1.7395788877211231,0.020000000000000018,0.09314198190378153,3.0,127.86679117132532,129.60637005904644,134.32837615899777
9.023125813844402,0.020000000000000018,0.09051785849228622,3.02,129.30269894636365,120.27957313251925,134.32837615899777
15.175713202158931,0.020000000000000018,0.0885962902087919,3.04,130.73860672140196,115.56289351924303,134.32837615899777
14.708228417054727,0.020000000000000018,0.089799749142488,3.06,132.17451449644028,117.46628607938555,134.32837615899777
12.046823872475358,0.020000000000000018,0.09201590606591073,3.08,133.6104222714786,121.56359839900324,134.32837615899777
15.567795193448859,0.020000000000000018,0.09424500921434353,3.1,135.04633004651694,119.47853485306808,134.32837615899777
22.995119793947254,0.020000000000000018,0.09649935512580056,3.12,136.48223782155526,113.487118027608,134.32837615899777
24.925626014926593,0.020000000000000018,0.09886622068465907,3.14,137.91814559659358,112.99251958166698,134.32837615899777
21.501340638014256,0.020000000000000018,0.10134595147640639,3.16,139.3540533716319,117.85271273361764,134.32837615899777
29.65279196699896,0.020000000000000018,0.1037094553328295,3.18,140.78996114667024,111.13716917967128,134.32837615899777
1.63566657881006,0.020000000000000018,0.10601430515638197,3.2,110.93983528662201,109.30416870781195,105.21023706582653
1.5598698892097929,0.020000000000000018,0.10814156441758303,3.22,109.66659123755635,108.10672134834655,105.21023706582653
-2.4992137290138174,0.020000000000000018,0.11031827622723199,3.24,108.39334718849068,110.8925609175045,105.21023706582653
-8.638034111772015,0.019999999999999574,0.112930882334266,3.26,107.12010313942504,115.75813725119706,105.21023706582653
-9.162377969222987,0.020000000000000018,0.1153654378724165,3.28,105.84685909035937,115.00923705958236,105.21023706582653
-14.08275346974078,0.020000000000000018,0.11807598251273994,3.3,104.5736150412937,118.65636851103449,105.21023706582653
-18.54419932302865,0.020000000000000018,0.12078978378024362,3.32,103.30037099222805,121.8445703152567,105.21023706582653
-23.363156657304714,0.020000000000000018,0.12340634567347834,3.34,102.02712694316239,125.3902836004671,105.21023706582653
-21.600793295337127,0.020000000000000018,0.12596886245987102,3.36,100.75388289409672,122.35467618943385,105.21023706582653
-20.04065053832595,0.020000000000000018,0.12848955435575124,3.38,99.48063884503105,119.521289383357,105.21023706582653
5.575138653876323,0.020000000000000018,0.13100479338111035,3.4,126.21996179593093,120.6448231420546,134.0222749057298
-2.237454097371426,0.020000000000000018,0.13334089111360098,3.42,127.95380915366403,130.19126325103545,134.0222749057298
-4.746118669049395,0.020000000000000018,0.13394917760782366,3.44,129.6876565113971,134.4337751804465,134.0222749057298
-5.548837746867349,0.020000000000000018,0.11739124480205342,3.46,131.4215038691302,136.97034161599754,134.0222749057298
-4.655882672394171,0.020000000000000018,0.07296087346787888,3.48,133.1553512268633,137.81123389925747,134.0222749057298
3.7114365054993925,0.020000000000000018,0.06769040274234822,3.5,134.8891985845964,131.177762079097,134.0222749057298
5.694890618498562,0.020000000000000018,0.06622608517317011,3.52,136.62304594232947,130.9281553238309,134.0222749057298
11.535666875571678,0.020000000000000018,0.06895430962482588,3.54,138.35689330006255,126.82122642449087,134.0222749057298
16.110673868945682,0.020000000000000018,0.07355206741737917,3.56,140.09074065779564,123.98006678884995,134.0222749057298
10.891869331838734,0.020000000000000018,0.07320717163543686,3.58,141.82458801552875,130.93271868369,134.0222749057298
-6.198188956490782,0.020000000000000018,0.0738637762336442,3.6,129.93213364430812,136.1303226007989,129.5582221032986
-3.3025046522776904,0.020000000000000018,0.07589295628423043,3.62,129.84904219075045,133.15154684302814,129.5582221032986
-9.375084426013586,0.020000000000000018,0.07801121181061982,3.64,129.76595073719278,139.14103516320637,129.5582221032986
-12.086807014183194,0.020000000000000018,0.08027435225492692,3.66,129.6828592836351,141.7696662978183,129.5582221032986
-17.597835506500218,0.020000000000000018,0.08252597907159129,3.68,129.59976783007744,147.19760333657766,129.5582221032986
-13.364348994897085,0.020000000000000018,0.08491604535414773,3.7,129.51667637651977,142.88102537141685,129.5582221032986
-8.77882354921934,0.020000000000000018,0.08736445805948471,3.72,129.4335849229621,138.21240847218144,129.5582221032986
-4.381931543904358,0.020000000000000018,0.0898713354066255,3.74,129.35049346940443,133.73242501330878,129.5582221032986
-7.58009540198006,0.019999999999999574,0.09232028343087596,3.76,129.26740201584676,136.84749741782682,129.5582221032986
-4.816789196654497,0.020000000000000018,0.09480544852562851,3.78,129.18431056228908,134.00109975894358,129.5582221032986
9.86526036619506,0.020000000000000018,0.09736650012344372,3.8,137.12903790268766,127.2637775364926,136.16569007328775
7.173292893877004,0.020000000000000018,0.09989765515665222,3.82,136.91496060726547,129.74166771338847,136.16569007328775
16.740676717657195,0.020000000000000018,0.10242680945457469,3.84,136.70088331184326,119.96020659418606,136.16569007328775
18.812795404523243,0.020000000000000018,0.10456293210611936,3.86,136.48680601642104,117.6740106118978,136.16569007328775
17.153965770839406,0.020000000000000018,0.1056136680372884,3.88,136.27272872099883,119.11876295015942,136.16569007328775
16.146559087040316,0.020000000000000018,0.10392248129823642,3.9,136.05865142557664,119.91209233853633,136.16569007328775
26.63382376168107,0.020000000000000018,0.08038583535313773,3.92,135.84457413015443,109.21075036847336,136.16569007328775
25.70265404629545,0.020000000000000018,0.06685831291009663,3.94,135.6304968347322,109.92784278843676,136.16569007328775
31.402160474763136,0.020000000000000018,0.06571958342153021,3.96,135.41641953931,104.01425906454686,136.16569007328775
26.80035262924693,0.020000000000000018,0.06758585095890231,3.98,135.2023422438878,108.40198961464088,136.16569007328775
-2.4490316729379202,0.020000000000000018,0.06965280633429287,4.0,102.36899521776957,104.81802689070749,90.78882552115523
-2.175641388297038,0.019999999999999574,0.07165289555983026,4.02,99.79562417407755,101.97126556237458,90.78882552115523
-6.323039884786908,0.020000000000000462,0.07351102178062263,4.04,97.2222531303854,103.5452930151723,90.78882552115523
-16.156326706772788,0.019999999999999574,0.07601116640364063,4.06,94.64888208669338,110.80520879346616,90.78882552115523
-23.02136969891727,0.020000000000000462,0.07899268446817011,4.08,92.07551104300123,115.0968807419185,90.78882552115523
-27.099911834394106,0.019999999999999574,0.08177978809566415,4.1,89.50213999930921,116.60205183370331,90.78882552115523
-31.67628638184793,0.020000000000000462,0.08449368143162812,4.12,86.92876895561707,118.605055337465,90.78882552115523
-40.484294059795246,0.019999999999999574,0.08726917666935385,4.14,84.35539791192504,124.83969197172028,90.78882552115523
-47.31987281196349,0.020000000000000462,0.08993138194022564,4.16,81.7820268682329,129.1018996801964,90.78882552115523
-50.024470796882184,0.019999999999999574,0.09224264960511527,4.18,79.20865582454087,129.23312662142305,90.78882552115523
1.7220043083197254,0.020000000000000462,0.09295100995381804,4.2,133.49608477507215,131.77408046675242,148.25136773619133
10.952895286017466,0.019999999999999574,0.0932678186501369,4.22,136.77503654420968,125.82214125819222,148.25136773619133
17.306486660948323,0.020000000000000462,0.09426424837623211,4.24,140.05398831334736,122.74750165239904,148.25136773619133
17.185916542439344,0.019999999999999574,0.09088153460566972,4.26,143.33294008248487,126.14702354004552,148.25136773619133
20.091444568322146,0.020000000000000462,0.0849939262799244,4.28,146.61189185162254,126.5204472833004,148.25136773619133
27.89429680304626,0.019999999999999574,0.08470510601608076,4.3,149.89084362076008,121.99654681771382,148.25136773619133
23.573807575283922,0.020000000000000462,0.07974070670761844,4.32,153.16979538989776,129.59598781461384,148.25136773619133
25.841422461904983,0.019999999999999574,0.0784235310247332,4.34,156.4487471590353,130.6073246971303,148.25136773619133
33.31530585672621,0.020000000000000462,0.07953748491924825,4.36,159.72769892817297,126.41239307144676,148.25136773619133
30.435044497968107,0.019999999999999574,0.08127612046694634,4.38,163.0066506973105,132.5716061993424,148.25136773619133
-5.058094865251547,0.020000000000000462,0.08339706677057027,4.4,129.3005586756892,134.35865354094074,130.83960236299455
-4.1372165924032345,0.019999999999999574,0.08563808439199565,4.42,129.64256838397927,133.7797849763825,130.83960236299455
-9.168690897153368,0.020000000000000462,0.0879361286592682,4.44,129.98457809226935,139.1532689894227,130.83960236299455
-7.652581461785871,0.019999999999999574,0.0902389372065336,4.46,130.32658780055942,137.9791692623453,130.83960236299455
2.9693887135499466,0.020000000000000462,0.09279193877408061,4.48,130.6685975088495,127.69920879529955,130.83960236299455
5.079796341599305,0.019999999999999574,0.0953340937086633,4.5,131.01060721713958,125.93081087554027,130.83960236299455
0.3150119724795104,0.019999999999999574,0.0977427201082299,4.52,131.35261692542966,131.03760495295015,130.83960236299455
-0.7524365438078178,0.020000000000000462,0.10013905900797226,4.54,131.69462663371976,132.44706317752758,130.83960236299455
-13.27401882752423,0.019999999999999574,0.10191625277391327,4.56,132.0366363420098,145.31065516953404,130.83960236299455
-11.442061076559241,0.020000000000000462,0.1035607975513193,4.58,132.37864605029992,143.82070712685916,130.83960236299455
-7.890576218039257,0.019999999999999574,0.10017176546142599,4.6,138.81004114394247,146.70061736198173,141.80323533624897
-8.565537553127939,0.020000000000000462,0.08386188661789253,4.62,139.47519540889948,148.04073296202742,141.80323533624897
-10.682676775213736,0.019999999999999574,0.06612294680825742,4.64,140.14034967385646,150.8230264490702,141.80323533624897
-15.61358313607542,0.020000000000000462,0.06342082246951546,4.66,140.80550393881347,156.4190870748889,141.80323533624897
-19.92345014978696,0.019999999999999574,0.0652281586634568,4.68,141.47065820377045,161.3941083535574,141.80323533624897
-28.352343327527763,0.020000000000000462,0.06742099538381442,4.7,142.13581246872747,170.48815579625523,141.80323533624897
-27.755324080155788,0.019999999999999574,0.06970684383162569,4.72,142.80096673368445,170.55629081384023,141.80323533624897
-25.32983567252495,0.020000000000000462,0.07195758015992343,4.74,143.4661209986415,168.79595667116644,141.80323533624897
-21.467123425201294,0.019999999999999574,0.07421260709388902,4.76,144.13127526359847,165.59839868879976,141.80323533624897
-22.245664115101874,0.020000000000000462,0.07628511868963864,4.78,144.79642952855548,167.04209364365735,141.80323533624897
4.931493748703389,0.019999999999999574,0.07791520378771663,4.8,175.497421994608,170.56592824590462,187.69780171440397
6.234131096410948,0.020000000000000462,0.07890717622226588,4.82,178.20861748789605,171.9744863914851,187.69780171440397
8.104430897329252,0.019999999999999574,0.07911117833467823,4.84,180.91981298118395,172.8153820838547,187.69780171440397
16.039748566482956,0.020000000000000462,0.079449644604,4.86,183.631008474472,167.59125990798904,187.69780171440397
16.981628788138124,0.019999999999999574,0.07944864580541446,4.88,186.34220396775993,169.3605751796218,187.69780171440397
21.626289211090352,0.020000000000000462,0.08024904105043644,4.9,189.05339946104797,167.42711024995762,187.69780171440397
24.149189709225823,0.019999999999999574,0.0815241477787101,4.92,191.7645949543359,167.61540524511008,187.69780171440397
27.30439833773545,0.020000000000000462,0.0832858777210865,4.94,194.47579044762395,167.1713921098885,187.69780171440397
34.33117710648028,0.019999999999999574,0.08583968728510943,4.96,197.18698594091185,162.85580883443157,187.69780171440397
44.71516637805175,0.020000000000000462,0.09051646161931046,4.98,199.8981814341999,155.18301505614815,187.69780171440397
8.821597562441127,0.019999999999999574,0.09747983902021747,5.0,159.5107716505953,150.68917408815418,153.1737369125414
11.061967112428874,0.019999999999999574,0.10325743492033188,5.02,158.10254170880557,147.0405745963767,153.1737369125414
4.296963927293945,0.020000000000000462,0.10627728447157621,5.04,156.6943117670158,152.39734783972185,153.1737369125414
8.208076813227422,0.019999999999999574,0.10801645905918515,5.06,155.28608182522603,147.0780050119986,153.1737369125414
-1.5715772855036505,0.020000000000000462,0.11026909468608889,5.08,153.87785188343625,155.4494291689399,153.1737369125414
-10.036792119940003,0.019999999999999574,0.11407754713062823,5.1,152.46962194164652,162.50641406158653,153.1737369125414
-8.562327781530684,0.020000000000000462,0.1166563534619458,5.12,151.0613919998567,159.6237197813874,153.1737369125414
-6.233842960455746,0.019999999999999574,0.11871995724263108,5.14,149.65316205806698,155.88700501852273,153.1737369125414
-2.64548385417811,0.020000000000000462,0.11982870475143013,5.16,148.24493211627717,150.89041597045528,153.1737369125414
-5.573815305737668,0.019999999999999574,0.11985735565484912,5.18,146.83670217448744,152.4105174802251,153.1737369125414
6.249741347870611,0.020000000000000462,0.11753549323868648,5.2,156.88337347646947,150.63363212859886,159.7356478921605
10.126142297883689,0.019999999999999574,0.1122767254273253,5.22,157.5172122355119,147.3910699376282,159.7356478921605
16.66309595790139,0.020000000000000462,0.10775142615286762,5.24,158.15105099455437,141.48795503665298,159.7356478921605
14.872030042340072,0.019999999999999574,0.10109961982142819,5.26,158.78488975359681,143.91285971125674,159.7356478921605
17.96995607793417,0.020000000000000462,0.09665858946595789,5.28,159.4187285126393,141.44877243470512,159.7356478921605
24.878079404046105,0.019999999999999574,0.09447304074101184,5.3,160.0525672716817,135.1744878676356,159.7356478921605
34.26101489913448,0.020000000000000462,0.08602969840891021,5.32,160.68640603072419,126.4253911315897,159.7356478921605
33.13502975734505,0.019999999999999574,0.07463511525834321,5.34,161.32024478976663,128.18521503242158,159.7356478921605
29.77698785574728,0.020000000000000462,0.0706428354426772,5.36,161.95408354880908,132.1770956930618,159.7356478921605
34.60307961538773,0.019999999999999574,0.0686409382196713,5.38,162.58792230785153,127.9848426924638,159.7356478921605
-4.486817034050986,0.020000000000000462,0.06884146490018168,5.4,122.96255500112157,127.44937203517256,111.08290095663786
-20.066984901344668,0.019999999999999574,0.07257850290489477,5.42,120.32263188012523,140.3896167814699,111.08290095663786
-30.60814607099823,0.020000000000000462,0.07732760597682325,5.44,117.68270875912879,148.29085483012702,111.08290095663786
-39.26473221135183,0.019999999999999574,0.08319882745024733,5.46,115.04278563813244,154.30751784948427,111.08290095663786
-44.66021477658245,0.020000000000000462,0.09010006996614857,5.48,112.40286251713599,157.06307729371844,111.08290095663786
-46.684023108128926,0.019999999999999574,0.09643025595183623,5.5,109.76293939613966,156.44696250426858,111.08290095663786
-47.70690248092512,0.019999999999999574,0.10154619623916855,5.52,107.12301627514333,154.82991875606845,111.08290095663786
-46.05466720017458,0.020000000000000462,0.10533040035334211,5.54,104.48309315414687,150.53776035432145,111.08290095663786
-53.29327786216737,0.019999999999999574,0.10824362650427863,5.56,101.84317003315053,155.1364478953179,111.08290095663786
-55.30017831229604,0.020000000000000462,0.10870343031793792,5.58,99.20324691215409,154.50342522445013,111.08290095663786
9.99107659267969,0.019999999999999574,0.10727547522234897,5.6,161.8588257541635,151.8677491614838,171.64700517375567
14.80014283144692,0.020000000000000462,0.10660207841853517,5.62,164.03397673629513,149.2338339048482,171.64700517375567
12.366635895047438,0.019999999999999574,0.09959916684017102,5.64,166.20912771842669,153.84249182337925,171.64700517375567
7.990262941139434,0.020000000000000462,0.09436757437796903,5.66,168.38427870055833,160.3940157594189,171.64700517375567
4.095929212711383,0.019999999999999574,0.09603122456778561,5.68,170.55942968268985,166.46350046997847,171.64700517375567
5.254852594031576,0.020000000000000462,0.09454099755333455,5.7,172.7345806648215,167.47972807078992,171.64700517375567
9.768496432619372,0.019999999999999574,0.09129389189462767,5.72,174.90973164695305,165.14123521433368,171.64700517375567
13.646664461849554,0.020000000000000462,0.08989365608950459,5.74,177.0848826290847,163.43821816723514,171.64700517375567
10.725064064901659,0.019999999999999574,0.09023382869487372,5.76,179.26003361121624,168.53496954631458,171.64700517375567
10.22757081071589,0.020000000000000462,0.09034237271121134,5.78,181.43518459334788,171.207613782632,171.64700517375567
2.2914454661667207,0.019999999999999574,0.08893994233386314,5.8,174.17377721555602,171.8823317493893,184.33022945461317
1.7328285626326476,0.020000000000000462,0.08441899230482368,5.82,176.43076660201322,174.69793803938057,184.33022945461317
5.202686467235708,0.019999999999999574,0.0801148938779426,5.84,178.68775598847031,173.4850695212346,184.33022945461317
10.494417816575577,0.020000000000000462,0.0786312950459512,5.86,180.9447453749275,170.45032755835192,184.33022945461317
18.6342466303374,0.019999999999999574,0.08051144151622695,5.88,183.20173476138459,164.56748813104718,184.33022945461317
17.536100214687877,0.020000000000000462,0.08129084259338659,5.9,185.45872414784176,167.9226239331539,184.33022945461317
18.113993459440053,0.019999999999999574,0.08247610241475127,5.92,187.71571353429886,169.6017200748588,184.33022945461317
12.22931758129991,0.020000000000000462,0.08412430944258548,5.94,189.97270292075603,177.74338533945613,184.33022945461317
5.846378189828357,0.019999999999999574,0.08593684029397182,5.96,192.22969230721313,186.38331411738477,184.33022945461317
10.082131130440615,0.020000000000000462,0.08784338740155587,5.98,194.4866816936703,184.4045505632297,184.33022945461317
1.594969085685591,0.019999999999999574,0.09003193936318292,6.0,181.33382471319385,179.73885562750826,187.24105637628446
0.479578833823183,0.019999999999999574,0.09195232361464842,6.02,182.6465428605473,182.16696402672412,187.24105637628446
-7.615423972310907,0.020000000000000462,0.09126044010300394,6.04,183.95926100790078,191.57468498021169,187.24105637628446
-3.187929752476407,0.019999999999999574,0.08880033534069957,6.06,185.27197915525423,188.45990890773064,187.24105637628446
-9.148759428007793,0.020000000000000462,0.07907722352158647,6.08,186.5846973026077,195.7334567306155,187.24105637628446
-8.171099877564671,0.019999999999999574,0.0733134299639126,6.1,187.89741544996116,196.06851532752583,187.24105637628446
-14.077252762538166,0.020000000000000462,0.07198253907947193,6.12,189.21013359731467,203.28738635985283,187.24105637628446
-11.1746590212434,0.019999999999999574,0.07325361889295362,6.14,190.5228517446681,201.6975107659115,187.24105637628446
-2.3017908977795685,0.020000000000000462,0.07545810955139153,6.16,191.8355698920216,194.13736078980116,187.24105637628446
-3.117248060653651,0.019999999999999574,0.07762982717862384,6.18,193.14828803937502,196.26553610002867,187.24105637628446
7.606555303309335,0.020000000000000462,0.07982333452883775,6.2,203.84516867745606,196.23861337414672,212.78965562680145
2.9769880602740386,0.019999999999999574,0.08168236160394562,6.22,205.83283244397722,202.8558443837032,212.78965562680145
4.940670441625144,0.020000000000000462,0.08341585054874182,6.24,207.82049621049848,202.87982576887333,212.78965562680145
10.657441371408453,0.019999999999999574,0.08520652316487584,6.26,209.80815997701964,199.1507186056112,212.78965562680145
16.476755665693844,0.020000000000000462,0.08729164622746863,6.28,211.7958237435409,195.31906807784705,212.78965562680145
29.60487003901835,0.019999999999999574,0.09114223388455368,6.3,213.78348751006206,184.1786174710437,212.78965562680145
33.66770159556191,0.020000000000000462,0.09447755853058026,6.32,215.7711512765833,182.1034496810214,212.78965562680145
35.06094252199489,0.019999999999999574,0.09738165115229559,6.34,217.75881504310448,182.6978725211096,212.78965562680145
40.958023102177776,0.020000000000000462,0.10019169218534493,6.36,219.74647880962573,178.78845570744795,212.78965562680145
45.25380798128589,0.019999999999999574,0.1028059697787361,6.38,221.7341425761469,176.480334594861,212.78965562680145
1.9309039496808396,0.020000000000000462,0.10470909609542609,6.4,173.08633823967648,171.15543428999564,159.19120405694719
-0.5724085298974728,0.019999999999999574,0.10464649807488757,6.42,169.99853064351447,170.57093917341194,159.19120405694719
-6.725349629911676,0.020000000000000462,0.10182103664987617,6.44,166.91072304735232,173.636072677264,159.19120405694719
-4.166158226529774,0.019999999999999574,0.08947315962255055,6.46,163.82291545119034,167.9890736777201,159.19120405694719
-6.058287421598436,0.020000000000000462,0.07702774249864029,6.48,160.7351078550282,166.79339527662663,159.19120405694719
-7.52931060375596,0.019999999999999574,0.07234195749634292,6.5,157.6473002588662,165.17661086262217,159.19120405694719
-12.667307153920774,0.019999999999999574,0.07248112419258337,6.52,154.5594926627042,167.22679981662498,159.19120405694719
-14.722383887779557,0.020000000000000462,0.0738519672929567,6.54,151.47168506654205,166.1940689543216,159.19120405694719
-13.249421701325076,0.019999999999999574,0.07546375462069756,6.56,148.38387747038007,161.63329917170515,159.19120405694719
-15.152755183745938,0.020000000000000462,0.07723551446157312,6.58,145.29606987421792,160.44882505796386,159.19120405694719
3.4381446432801965,0.019999999999999574,0.07910705591299036,6.6,160.41456563875045,156.97642099547025,154.95902233750778
6.124241607330674,0.020000000000000462,0.08103452029664075,6.62,159.20222268291872,153.07798107558804,154.95902233750778
0.11172238836098813,0.019999999999999574,0.08299568752128877,6.64,157.98987972708704,157.87815733872606,154.95902233750778
10.04561380849566,0.020000000000000462,0.08467218144688676,6.66,156.7775367712553,146.73192296275965,154.95902233750778
9.140699539249653,0.019999999999999574,0.08557135096836024,6.68,155.56519381542364,146.424494276174,154.95902233750778
11.345319027400564,0.020000000000000462,0.0839324225403914,6.7,154.3528508595919,143.00753183219135,154.95902233750778
18.45023284086662,0.019999999999999574,0.07635042817540616,6.72,153.1405079037602,134.6902750628936,154.95902233750778
25.190680716933073,0.020000000000000462,0.06824255621932855,6.74,151.92816494792848,126.7374842309954,154.95902233750778
22.72998525998284,0.019999999999999574,0.06629481112712318,6.76,150.7158219920968,127.98583673211397,154.95902233750778
26.55636620736604,0.020000000000000462,0.0663834996401568,6.78,149.50347903626508,122.94711282889904,154.95902233750778
-10.532536128494499,0.019999999999999574,0.06762913138359135,6.8,119.07391988072457,129.60645600921907,100.60608200111511
-19.039676333815493,0.020000000000000462,0.06959080569929077,6.82,114.96995590747795,134.00963224129345,100.60608200111511
-25.94048582204657,0.019999999999999574,0.07197615286461076,6.84,110.8659919342315,136.80647775627807,100.60608200111511
-30.342686160586425,0.020000000000000462,0.07434779025994721,6.86,106.76202796098488,137.1047141215713,100.60608200111511
-34.477507617273446,0.019999999999999574,0.07670647684123758,6.88,102.65806398773843,137.13557160501188,100.60608200111511
-42.262070383032395,0.020000000000000462,0.07941060413111076,6.9,98.5541000144918,140.8161703975242,100.60608200111511
-42.35020351661963,0.019999999999999574,0.08172785899953545,6.92,94.45013604124536,136.800339557865,100.60608200111511
-42.9811262832183,0.020000000000000462,0.08390676037899782,6.94,90.34617206799872,133.32729835121702,100.60608200111511
-46.40884722537402,0.019999999999999574,0.08609204920578206,6.96,86.24220809475227,132.6510553201263,100.60608200111511
-46.598447589883975,0.020000000000000462,0.08823190113750404,6.98,82.13824412150565,128.73669171138962,100.60608200111511
4.5301721971241875,0.019999999999999574,0.09037085790562427,7.0,133.63389607206318,129.103723874939,132.76208682517574
14.569033289356568,0.019999999999999574,0.09276240368244522,7.02,133.44016068386597,118.8711273945094,132.76208682517574
10.867553689057758,0.020000000000000462,0.09499567236333042,7.04,133.24642529566876,122.378871606611,132.76208682517574
8.840577841465503,0.019999999999999574,0.09712470024318967,7.06,133.05268990747155,124.21211206600604,132.76208682517574
4.182804145314378,0.020000000000000462,0.099342923228357,7.08,132.85895451927433,128.67615037395996,132.76208682517574
5.684455980304563,0.019999999999999574,0.10145946832663547,7.1,132.66521913107712,126.98076315077256,132.76208682517574
5.578580304809833,0.020000000000000462,0.10355100112879674,7.12,132.4714837428799,126.89290343807008,132.76208682517574
8.689769808633386,0.019999999999999574,0.10549293745148007,7.14,132.2777483546827,123.58797854604931,132.76208682517574
17.32800197465454,0.020000000000000462,0.10698310905852773,7.16,132.08401296648546,114.75601099183092,132.76208682517574
22.575955978787505,0.019999999999999574,0.10448512528860932,7.18,131.89027757828825,109.31432159950074,132.76208682517574
4.355916847157488,0.020000000000000462,0.09454133967950336,7.2,115.99346584730928,111.6375490001518,110.68843183710494
4.140861816382241,0.019999999999999574,0.07788078080015605,7.22,114.81456940059724,110.673707584215,110.68843183710494
8.247710582963634,0.020000000000000462,0.06572006202215529,7.24,113.63567295388512,105.38796237092149,110.68843183710494
5.434430332345258,0.019999999999999574,0.06435776638920376,7.26,112.45677650717307,107.02234617482782,110.68843183710494
8.669435773052697,0.020000000000000462,0.0655918890054645,7.28,111.27788006046097,102.60844428740828,110.68843183710494
3.67831840391176,0.019999999999999574,0.06762221282703162,7.3,110.09898361374891,106.42066520983715,110.68843183710494
4.748229567408018,0.020000000000000462,0.06985601934442114,7.32,108.92008716703681,104.1718575996288,110.68843183710494
12.818488619444906,0.019999999999999574,0.07226665554716578,7.34,107.74119072032475,94.92270210087985,110.68843183710494
8.44570588926905,0.020000000000000462,0.07464610008915276,7.36,106.56229427361265,98.1165883843436,110.68843183710494
8.954029629244985,0.019999999999999574,0.07696592988476562,7.38,105.38339782690059,96.4293681976556,110.68843183710494
-5.558216525661294,0.020000000000000462,0.07931871726604646,7.4,94.34448549848878,99.90270202415007,86.65796710462686
-0.7237334223748775,0.019999999999999574,0.0814841188041815,7.42,92.63637029985283,93.3601037222277,86.65796710462686
11.533891906059182,0.020000000000000462,0.08157079075600644,7.44,90.9282551012168,79.39436319515762,86.65796710462686
12.427907930616598,0.019999999999999574,0.07450477534522622,7.46,89.22013990258085,76.79223197196426,86.65796710462686
10.61585268712274,0.020000000000000462,0.06223715806370356,7.48,87.51202470394482,76.89617201682208,86.65796710462686
2.3830570115968044,0.019999999999999574,0.06179691302410255,7.5,85.80390950530887,83.42085249371206,86.65796710462686
3.581703348015978,0.019999999999999574,0.06166890251820615,7.52,84.09579430667293,80.51409095865695,86.65796710462686
-2.7153835120764,0.020000000000000462,0.06402109360322711,7.54,82.38767910803689,85.10306262011329,86.65796710462686
-6.273384036388578,0.019999999999999574,0.06675718001452977,7.56,80.67956390940094,86.95294794578952,86.65796710462686
0.8314238205342264,0.020000000000000462,0.06853365663145432,7.58,78.97144871076492,78.14002489023069,86.65796710462686
-2.231753082646904,0.019999999999999574,0.07066250776482175,7.6,77.56497418126214,79.79672726390905,72.26096245184583
-8.942553396244207,0.020000000000000462,0.07317618838720537,7.62,76.38630490805849,85.3288583043027,72.26096245184583
-2.4067278046091047,0.019999999999999574,0.07548947673615887,7.64,75.2076356348549,77.614363439464,72.26096245184583
-5.899530733815055,0.020000000000000462,0.07785876386418346,7.66,74.02896636165126,79.92849709546631,72.26096245184583
-12.402896155773846,0.019999999999999574,0.0803854922660511,7.68,72.85029708844765,85.25319324422149,72.26096245184583
-21.75668117832855,0.020000000000000462,0.08336106090590668,7.7,71.67162781524401,93.42830899357256,72.26096245184583
-22.092552093928987,0.019999999999999574,0.08633227125905506,7.72,70.49295854204041,92.5855106359694,72.26096245184583
-21.71687911692112,0.020000000000000462,0.08899767570487345,7.74,69.31428926883676,91.03116838575788,72.26096245184583
-23.9307864999775,0.019999999999999574,0.09132396945582037,7.76,68.13561999563316,92.06640649561066,72.26096245184583
-27.126299744405372,0.020000000000000462,0.09229144730718067,7.78,66.95695072242951,94.08325046683488,72.26096245184583
7.657755666082153,0.019999999999999574,0.0938145374014169,7.8,96.74401934143756,89.08626367535541,104.6250664487416
16.234819230134562,0.020000000000000462,0.098989829049255,7.82,98.49536314306071,82.26054391292615,104.6250664487416
17.90422667375698,0.019999999999999574,0.10183055963420637,7.84,100.2467069446838,82.34248027092681,104.6250664487416
13.86470857886934,0.020000000000000462,0.10414278414169668,7.86,101.99805074630694,88.1333421674376,104.6250664487416
14.479258399459383,0.019999999999999574,0.10630357548137341,7.88,103.74939454793002,89.27013614847064,104.6250664487416
19.531430961619122,0.020000000000000462,0.10864280095178888,7.9,105.50073834955317,85.96930738793405,104.6250664487416
22.76101505443073,0.019999999999999574,0.11114404508639013,7.92,107.25208215117625,84.49106709674552,104.6250664487416
25.439268655182417,0.020000000000000462,0.11369441264260725,7.94,109.00342595279942,83.564157297617,104.6250664487416
31.199128428512054,0.019999999999999574,0.11642370146179529,7.96,110.7547697544225,79.55564132591044,104.6250664487416
32.407198507685635,0.020000000000000462,0.11891063785384018,7.98,112.50611355604565,80.09891504836001,104.6250664487416
0.2569370405874025,0.019999999999999574,0.1213361259598199,8.0,80.87919461345962,80.62225757287221,77.93538394278976
-9.169149543491386,0.019999999999999574,0.1238543280943371,8.02,80.22501446442189,89.39416400791328,77.93538394278976
-13.407100301858648,0.019999999999999574,0.12637942028774607,8.04,79.57083431538415,92.9779346172428,77.93538394278976
-11.796562617380076,0.02000000000000135,0.12881796425930495,8.06,78.91665416634635,90.71321678372642,77.93538394278976
-15.600891376972342,0.019999999999999574,0.13112161928890767,8.08,78.26247401730862,93.86336539428096,77.93538394278976
-14.941501923916064,0.019999999999999574,0.13319456374157077,8.1,77.60829386827089,92.54979579218696,77.93538394278976
-21.687173504697313,0.019999999999999574,0.13370652037668207,8.12,76.95411371923315,98.64128722393046,77.93538394278976
-20.085717196457026,0.02000000000000135,0.1306542805342718,8.14,76.29993357019535,96.38565076665238,77.93538394278976
-18.27617602567652,0.019999999999999574,0.12402933299487892,8.16,75.64575342115762,93.92192944683414,77.93538394278976
-15.042023206132967,0.019999999999999574,0.12428867738304354,8.18,74.9915732721199,90.03359647825286,77.93538394278976
6.646602337666295,0.019999999999999574,0.121567616857571,8.2,97.10717416460378,90.46057182693748,101.35914591059763
2.5829761704466137,0.02000000000000135,0.10454809024708747,8.22,98.05205677482468,95.46908060437806,101.35914591059763
5.242303363313354,0.019999999999999574,0.0922888525391452,8.24,98.99693938504551,93.75463602173215,101.35914591059763
1.3341725423137802,0.019999999999999574,0.08463257260367422,8.26,99.94182199526634,98.60764945295256,101.35914591059763
-2.3472113107117565,0.019999999999999574,0.08314932252736623,8.28,100.88670460548717,103.23391591619892,101.35914591059763
-0.5412792386023142,0.02000000000000135,0.08314369873482762,8.3,101.83158721570808,102.3728664543104,101.35914591059763
5.514096282712231,0.019999999999999574,0.08493410335352038,8.32,102.77646982592891,97.26237354321668,101.35914591059763
-0.2867820767571345,0.019999999999999574,0.08657409237255106,8.34,103.72135243614974,104.00813451290688,101.35914591059763
1.9377036541732906,0.019999999999999574,0.08846946163080466,8.36,104.66623504637057,102.72853139219728,101.35914591059763
1.94540886817137,0.02000000000000135,0.09014733200598857,8.38,105.61111765659149,103.66570878842012,101.35914591059763
3.6836241559735896,0.019999999999999574,0.09172288148055066,8.4,106.35744696575303,102.67382280977944,112.24925615028535
8.470755589976719,0.019999999999999574,0.09399913070404235,8.42,107.66673789564908,99.19598230567236,112.24925615028535
7.869938334554774,0.019999999999999574,0.09555213821415787,8.44,108.97602882554513,101.10609049099035,112.24925615028535
9.015913831868431,0.02000000000000135,0.09667103702363433,8.46,110.2853197554413,101.26940592357286,112.24925615028535
17.23567193645468,0.019999999999999574,0.10117536216375642,8.48,111.59461068533734,94.35893874888266,112.24925615028535
17.009549979373674,0.019999999999999574,0.10415158050183465,8.5,112.9039016152334,95.89435163585972,112.24925615028535
13.080397937173686,0.019999999999999574,0.10595791911698728,8.52,114.21319254512944,101.13279460795576,112.24925615028535
17.883047218635156,0.019999999999999574,0.10844363529394262,8.54,115.5224834750255,97.63943625639034,112.24925615028535
17.050159470871293,0.02000000000000135,0.11036130713900315,8.56,116.83177440492166,99.78161493405037,112.24925615028535
17.196097630241397,0.019999999999999574,0.11184820167926154,8.58,118.14106533481771,100.94496770457631,112.24925615028535
4.4546244086164535,0.019999999999999574,0.11570688967678155,8.6,98.47747521573717,94.02285080712072,97.72289449443562
1.3049162808516996,0.019999999999999574,0.11826570272772828,8.62,98.30979061100349,97.0048743301518,97.72289449443562
-1.1381883651438898,0.02000000000000135,0.1203096858295897,8.64,98.14210600626981,99.2802943714137,97.72289449443562
1.979295223422099,0.019999999999999574,0.12310017364944714,8.66,97.97442140153613,95.99512617811403,97.72289449443562
0.3065179950075958,0.019999999999999574,0.12548653751778543,8.68,97.80673679680245,97.50021880179486,97.72289449443562
4.596852091988978,0.019999999999999574,0.12882559016077946,8.7,97.63905219206877,93.0422001000798,97.72289449443562
3.8085328214907292,0.02000000000000135,0.13174451733963613,8.72,97.4713675873351,93.66283476584437,97.72289449443562
-0.5658779790067427,0.019999999999999574,0.13412444915468633,8.74,97.30368298260142,97.86956096160816,97.72289449443562
-2.3145240974863697,0.019999999999999574,0.13634082771023506,8.76,97.13599837786774,99.4505224753541,97.72289449443562
-1.246408059261384,0.019999999999999574,0.13864413432313794,8.78,96.96831377313406,98.21472183239544,97.72289449443562
-0.8407809906830579,0.02000000000000135,0.14087954496140676,8.8,97.81558100426514,98.6563619949482,98.80661235671072
2.538136586155801,0.019999999999999574,0.14352418007228343,8.82,98.03581019369749,95.49767360754169,98.80661235671072
1.3926941971164268,0.019999999999999574,0.145961625383375,8.84,98.25603938312983,96.8633451860134,98.80661235671072
10.108467754413766,0.019999999999999574,0.1492228693716502,8.86,98.47626857256218,88.36780081814841,98.80661235671072
10.228723419310157,0.02000000000000135,0.15162058406650822,8.88,98.69649776199455,88.4677743426844,98.80661235671072
16.568614672668318,0.019999999999999574,0.11928621836355899,8.9,98.9167269514269,82.34811227875858,98.80661235671072
14.461975732719083,0.019999999999999574,0.07140164894610722,8.92,99.13695614085924,84.67498040814016,98.80661235671072
12.724124366862824,0.019999999999999574,0.06309719862362263,8.94,99.35718533029159,86.63306096342876,98.80661235671072
13.48923482149091,0.02000000000000135,0.06298123271606768,8.96,99.57741451972394,86.08817969823303,98.80661235671072
12.019220836391483,0.019999999999999574,0.06511650719440448,8.98,99.79764370915629,87.7784228727648,98.80661235671072
-4.939813723826575,0.019999999999999574,0.06745401232230015,9.0,81.8003227546777,86.74013647850427,75.46984673999549
-3.19703591508555,0.019999999999999574,0.06985090923731054,9.02,80.39355030697057,83.59058622205612,75.46984673999549
-8.19306870099956,0.019999999999999574,0.07233718914813636,9.04,78.98677785926344,87.179846560263,75.46984673999549
-9.017804332094713,0.02000000000000135,0.07481906655906333,9.06,77.58000541155619,86.5978097436509,75.46984673999549
-9.096576105727948,0.019999999999999574,0.07729445280929122,9.08,76.17323296384906,85.26980906957701,75.46984673999549
-7.140570660523068,0.019999999999999574,0.07974923937757264,9.1,74.76646051614193,81.907031176665,75.46984673999549
-11.073716212158345,0.019999999999999574,0.08223599123214559,9.12,73.35968806843479,84.43340428059314,75.46984673999549
-9.570414892788634,0.02000000000000135,0.08469135793044476,9.14,71.95291562072755,81.52333051351619,75.46984673999549
-15.596937620793952,0.019999999999999574,0.08720121061357453,9.16,70.54614317302041,86.14308079381436,75.46984673999549
-12.154592631985295,0.019999999999999574,0.08965604423852352,9.18,69.13937072531328,81.29396335729858,75.46984673999549
-5.399635928276339,0.019999999999999574,0.09218190753314966,9.2,82.15834413278162,87.55798006105796,80.26870766175357
1.8016396137636121,0.02000000000000135,0.09461683945434901,9.22,81.73842491699759,79.93678530323398,80.26870766175357
2.399109958629893,0.019999999999999574,0.09703265010589746,9.24,81.31850570121358,78.91939574258369,80.26870766175357
-0.6710716570309785,0.019999999999999574,0.09953826767819036,9.26,80.89858648542959,81.56965814246057,80.26870766175357
-1.783889079367043,0.019999999999999574,0.10202337654633685,9.28,80.47866726964558,82.26255634901263,80.26870766175357
-4.583082205983544,0.02000000000000135,0.1045330121958764,9.3,80.05874805386155,84.6418302598451,80.26870766175357
-16.13041777374255,0.019999999999999574,0.105747799518932,9.32,79.63882883807754,95.7692466118201,80.26870766175357
-21.212895154502334,0.019999999999999574,0.07598551422502013,9.34,79.21890962229355,100.43180477679589,80.26870766175357
-21.71681318848225,0.019999999999999574,0.05701587682080297,9.36,78.79899040650955,100.5158035949918,80.26870766175357
-19.353129945709412,0.02000000000000135,0.058026619007267057,9.38,78.37907119072551,97.73220113643492,80.26870766175357
11.009387493949632,0.019999999999999574,0.060851606940362665,9.4,101.87243293817839,90.86304544422876,112.45864754392332
9.321815612173253,0.019999999999999574,0.0629872737799286,9.42,104.22492507278834,94.90310946061508,112.45864754392332
6.366430824288642,0.019999999999999574,0.0651863845258107,9.44,106.57741720739828,100.21098638310964,112.45864754392332
9.162192041737768,0.02000000000000135,0.06760284853361026,9.46,108.92990934200843,99.76771730027066,112.45864754392332
1.7190443665681414,0.019999999999999574,0.0700433376040558,9.48,111.28240147661838,109.56335711005023,112.45864754392332
4.722634431914088,0.019999999999999574,0.07252849654846205,9.5,113.6348936112283,108.91225917931422,112.45864754392332
6.375306354988652,0.019999999999999574,0.07496027558894296,9.52,115.98738574583825,109.6120793908496,112.45864754392332
12.870791931926561,0.019999999999999574,0.07743781108518749,9.54,118.3398778804482,105.46908594852164,112.45864754392332
19.785429821644428,0.02000000000000135,0.0799611694207266,9.56,120.69237001505834,100.90694019341392,112.45864754392332
23.817173874529615,0.019999999999999574,0.08247367582654082,9.58,123.04486214966829,99.22768827513868,112.45864754392332
11.930617367113143,0.019999999999999574,0.0849873315967446,9.6,107.69299642774578,95.76237906063264,112.39702606708697
8.5561008622157,0.019999999999999574,0.0874835258583919,9.62,108.73833634759936,100.18223548538366,112.39702606708697
10.112895407777316,0.02000000000000135,0.0899765677494537,9.64,109.78367626745302,99.6707808596757,112.39702606708697
12.41353170784663,0.019999999999999574,0.09247144148458411,9.66,110.82901618730659,98.41548447945996,112.39702606708697
16.206785791050294,0.019999999999999574,0.09496732256986223,9.68,111.87435610716017,95.66757031610987,112.39702606708697
15.568952065830928,0.019999999999999574,0.09746504660991472,9.7,112.91969602701373,97.3507439611828,112.39702606708697
16.69002667330666,0.02000000000000135,0.09995773977446043,9.72,113.9650359468674,97.27500927356074,112.39702606708697
10.86619631574861,0.019999999999999574,0.1024524054832819,9.74,115.01037586672096,104.14417955097235,112.39702606708697
8.580271071300544,0.019999999999999574,0.1049240415460484,9.76,116.05571578657454,107.475444715274,112.39702606708697
11.190944675796175,0.019999999999999574,0.10741861128904903,9.78,117.10105570642811,105.91011103063194,112.39702606708697
-2.151376752343211,0.02000000000000135,0.10987741102737374,9.8,105.61908700072483,107.77046375306804,110.06483592317247
-1.9941170490588576,0.019999999999999574,0.11230538608777038,9.82,106.60703120571318,108.60114825477204,110.06483592317247
7.258544633538776,0.019999999999999574,0.11487397409718697,9.84,107.59497541070154,100.33643077716276,110.06483592317247
7.626506494575935,0.019999999999999574,0.1173869091356282,9.86,108.58291961568989,100.95641312111395,110.06483592317247
10.878369564074731,0.02000000000000135,0.11989601690006475,9.88,109.57086382067833,98.6924942566036,110.06483592317247
9.977545196766357,0.019999999999999574,0.1223977248658255,9.9,110.55880802566668,100.58126282890032,110.06483592317247
8.169945110755265,0.019999999999999574,0.12488685217625288,9.92,111.54675223065503,103.37680711989977,110.06483592317247
7.523944093185321,0.019999999999999574,0.12736509471902602,9.94,112.5346964356434,105.01075234245808,110.06483592317247
7.358768412780151,0.02000000000000135,0.12983051301200363,9.96,113.52264064063183,106.16387222785168,110.06483592317247
7.462727294141828,0.019999999999999574,0.1322755389231799,9.98,114.51058484562019,107.04785755147836,110.06483592317247
,0.019999999999999574,0.13434620672505354,10.0,,112.74388095262115,
